order_id,customer_email,product_list,total_price,order_date
1,john@example.com,"Jacket, Watch, Sneakers, T-shirt, Jeans",1205.36,10/01/2022 18:49:02
2,emilydavis7890@example.com,Watch,473.09,01/23/2022 14:28:49
3,stephaniebrown5678@gmail.com,"Sneakers, T-shirt, Jeans",486.4,09/03/2022 03:12:19
4,rachelgray7890@yahoo.com,"Watch, T-shirt, Jeans, Jacket, Sneakers",1851.6399999999999,12/18/2022 06:24:40
5,nickjones2468@outlook.com,"Jeans, T-shirt, Jacket, Watch, Sneakers",1330.04,05/05/2022 15:21:05
6,john@example.com,"Sneakers, T-shirt, Jeans, Watch, Jacket",1062.9,02/10/2023 01:36:22
7,jessicasmith5678@gmail.com,"Watch, Jacket, Jeans, T-shirt",1224.5900000000001,12/07/2022 09:03:50
8,bob@example.com,"Watch, Jacket",323.47,02/22/2023 21:29:57
9,patricktaylor1357@yahoo.com,"Jacket, Watch, T-shirt, Jeans",408.04,06/09/2022 22:00:53
10,rachelgray7890@yahoo.com,"T-shirt, Watch, Jeans, Sneakers",835.65,10/13/2022 07:28:42
11,nickjones2468@outlook.com,"Jeans, Sneakers",459.0,05/09/2022 19:53:22
12,bob@example.com,Jacket,84.73,03/02/2022 03:42:20
13,matthewjackson5678@hotmail.com,"Watch, Sneakers",371.12,05/31/2022 12:25:17
14,amybrown7890@outlook.com,Jacket,395.18,08/09/2022 19:51:58
15,stephaniebrown5678@gmail.com,"Watch, T-shirt",756.4300000000001,04/07/2022 20:18:14
16,matthewjackson5678@hotmail.com,"Jeans, T-shirt, Sneakers, Jacket, Watch",878.6399999999999,05/19/2022 08:46:53
17,bob@example.com,"Watch, Sneakers",587.16,01/02/2022 12:07:02
18,,"Jeans, T-shirt",687.29,01/09/2022 18:57:44
19,davidlee2468@yahoo.com,Jacket,275.75,05/26/2022 09:59:50
20,laurensmith1357@gmail.com,"T-shirt, Sneakers, Jeans, Watch",585.99,03/02/2023 20:01:56
21,sarahjones5678@gmail.com,,862.84,06/10/2022 17:05:20
22,emilydavis7890@example.com,"Watch, Jeans",443.28,08/10/2022 17:22:50
23,rachelgray7890@yahoo.com,"T-shirt, Watch",540.06,01/31/2023 16:28:36
24,emilydavis7890@example.com,"Jacket, Jeans, Sneakers, T-shirt",622.0600000000001,07/11/2022 22:50:01
25,,"Sneakers, T-shirt, Watch",497.64,01/01/2022 00:12:23
26,,Jacket,15.34,02/26/2023 08:57:07
27,matthewjackson5678@hotmail.com,"Jeans, T-shirt, Watch",696.22,01/13/2022 02:05:44
28,adamjohnson2468@yahoo.com,"T-shirt, Sneakers, Jeans, Jacket, Watch",1578.33,08/28/2022 11:28:00
29,andrewbrown2468@outlook.com,"Watch, Sneakers, Jeans, T-shirt",1586.02,06/12/2022 09:33:08
30,john@example.com,Sneakers,196.8,05/27/2022 14:05:02
31,chrisgreen2468@outlook.com,"Jacket, Watch, Jeans",631.9100000000001,08/27/2022 17:56:31
32,brianwilson4321@hotmail.com,"Watch, Jeans",571.59,05/22/2022 15:53:06
33,nickjones2468@outlook.com,"Watch, Sneakers, Jacket, T-shirt, Jeans",1257.27,02/12/2022 20:57:32
34,rachelgray7890@yahoo.com,"T-shirt, Jacket",792.94,03/08/2023 00:56:50
35,john@example.com,"Jeans, Watch",520.58,01/07/2022 01:51:36
36,jenniferwhite1234@gmail.com,"Jeans, Watch, Jacket, Sneakers",968.8199999999999,06/16/2022 15:50:25
37,laurawilson7890@example.com,Sneakers,319.47,01/13/2023 13:35:46
38,brianwilson4321@hotmail.com,"Sneakers, Jacket, Watch, T-shirt",748.25,06/25/2022 04:05:31
39,matthewjackson5678@hotmail.com,"Sneakers, T-shirt, Jeans, Jacket",842.8699999999999,03/01/2022 01:35:22
40,brianwilson4321@hotmail.com,"Jeans, Watch, T-shirt",1090.4099999999999,04/03/2022 14:10:21
41,patricktaylor1357@yahoo.com,Watch,65.38,01/06/2023 04:01:29
42,emilydavis7890@example.com,"Jeans, Jacket, T-shirt, Sneakers, Watch",1099.3400000000001,09/23/2022 19:27:53
43,matthewjackson5678@hotmail.com,"Jacket, Jeans",499.98,02/04/2022 11:45:38
44,patricktaylor1357@yahoo.com,"Jacket, Sneakers, Jeans",900.57,01/01/2022 16:03:19
45,davidlee2468@yahoo.com,"Sneakers, Jacket, Watch",629.49,10/18/2022 02:40:23
46,andrewbrown2468@outlook.com,Watch,342.03,09/18/2022 20:28:36
47,jessicasmith5678@gmail.com,"Jacket, T-shirt, Watch, Jeans",1093.21,11/23/2022 15:41:57
48,rachelgray7890@yahoo.com,"Watch, T-shirt",384.69,12/01/2022 07:29:29
49,jenniferwhite1234@gmail.com,Watch,217.68,05/13/2022 10:07:41
50,emilydavis7890@example.com,T-shirt,145.66,03/08/2023 07:39:46
51,ericmorris1234@example.com,"Jeans, Watch, Sneakers, T-shirt, Jacket",1562.44,08/21/2022 23:33:30
52,john@example.com,"T-shirt, Sneakers, Jeans, Watch, Jacket",1074.53,01/25/2023 01:44:17
53,bob@example.com,"Jacket, Sneakers",361.56,09/23/2022 01:06:30
54,amybrown7890@outlook.com,Watch,324.18,02/06/2022 16:21:53
55,stephaniebrown5678@gmail.com,"Jacket, Sneakers",683.45,05/08/2022 07:13:35
56,matthewjackson5678@hotmail.com,"Watch, Jacket, Jeans",604.1,01/19/2022 16:27:38
57,nickjones2468@outlook.com,"Jeans, Sneakers",437.98,08/02/2022 01:17:06
58,john@example.com,"Sneakers, T-shirt",881.47,03/31/2022 06:44:12
59,jane@example.com,"Jeans, Sneakers, Jacket, T-shirt, Watch",1404.01,10/07/2022 21:12:59
60,emilydavis7890@example.com,"Jeans, Sneakers, Jacket, T-shirt, Watch",1436.7,02/26/2023 13:42:48
61,jane@example.com,"Sneakers, Jacket, T-shirt, Jeans, Watch",684.31,12/02/2022 18:11:31
62,patricktaylor1357@yahoo.com,"T-shirt, Jacket, Jeans, Sneakers",1188.6499999999999,06/23/2022 23:41:47
63,john@example.com,"Watch, Jacket, Jeans, T-shirt, Sneakers",1251.3899999999999,08/07/2022 03:33:24
64,johndoe1234@example.com,Sneakers,443.41,03/10/2023 02:51:22
65,emilydavis7890@example.com,"Jeans, Watch",918.49,02/19/2023 06:48:56
66,davidlee2468@yahoo.com,Sneakers,39.02,09/24/2022 14:53:58
67,davidlee2468@yahoo.com,"T-shirt, Watch, Jeans, Sneakers",382.53999999999996,03/31/2022 12:39:35
68,davidlee2468@yahoo.com,"T-shirt, Sneakers, Watch, Jeans, Jacket",1140.31,01/18/2023 04:03:11
69,ericmorris1234@example.com,Jeans,10000,01/19/2023 04:12:01
70,nickjones2468@outlook.com,"Watch, Sneakers, Jacket, T-shirt",1213.31,05/26/2022 11:52:25
71,amybrown7890@outlook.com,"Sneakers, Jeans",533.51,12/10/2022 02:50:16
72,sarahjones5678@gmail.com,"Jacket, Jeans, Watch, T-shirt, Sneakers",1324.64,10/29/2022 06:46:47
73,andrewbrown2468@outlook.com,T-shirt,257.92,03/23/2022 01:40:45
74,brianwilson4321@hotmail.com,"Sneakers, Jacket, T-shirt, Watch, Jeans",1820.38,09/11/2022 22:05:47
75,sarahjones5678@gmail.com,"Jeans, T-shirt, Sneakers",945.14,01/06/2023 16:50:50
76,amybrown7890@outlook.com,"T-shirt, Sneakers, Jeans, Watch",1294.25,04/12/2022 17:17:26
77,adamjohnson2468@yahoo.com,"Sneakers, T-shirt, Watch, Jeans, Jacket",1388.0700000000002,07/10/2022 10:13:58
78,johndoe1234@example.com,"Sneakers, T-shirt",769.1400000000001,03/29/2022 06:20:54
79,jessicasmith5678@gmail.com,"Sneakers, Watch, Jeans",789.36,04/11/2022 12:44:00
80,adamjohnson2468@yahoo.com,"T-shirt, Watch, Jacket, Sneakers, Jeans",998.81,01/14/2022 17:05:10
81,patricktaylor1357@yahoo.com,"T-shirt, Watch",617.5699999999999,03/07/2022 05:30:46
82,john@example.com,"Jacket, Watch, Jeans",781.78,10/03/2022 22:06:41
83,amybrown7890@outlook.com,"Sneakers, Jacket, T-shirt, Watch",888.22,04/11/2022 19:31:42
84,johndoe1234@example.com,,389.41,04/12/2022 09:09:59
85,chrisgreen2468@outlook.com,T-shirt,440.78,09/21/2022 16:30:56
86,katewilliams7890@outlook.com,T-shirt,274.83,02/19/2022 02:53:42
87,laurawilson7890@example.com,"Watch, Jacket, T-shirt",563.0400000000001,05/08/2022 11:25:45
88,jane@example.com,"Jacket, Jeans, T-shirt, Sneakers, Watch",1853.84,09/25/2022 10:34:50
89,patricktaylor1357@yahoo.com,"Jeans, T-shirt, Jacket, Watch, Sneakers",884.3399999999999,11/13/2022 19:38:05
90,brianwilson4321@hotmail.com,Watch,415.11,03/13/2023 21:32:25
91,stephaniebrown5678@gmail.com,"Sneakers, Jeans, Watch",929.0699999999999,07/01/2022 07:47:28
92,jane@example.com,"Jeans, Sneakers, Watch",550.94,06/21/2022 00:41:05
93,john@example.com,"Jeans, Jacket",167.74,09/09/2022 03:21:24
358,matthewjackson5678@hotmail.com,"Sneakers, Watch, T-shirt, Jacket",690.61,08/08/2022 01:30:44
95,brianwilson4321@hotmail.com,"Jeans, Jacket, T-shirt",1192.63,05/10/2022 18:30:42
96,ericmorris1234@example.com,"Watch, Sneakers, T-shirt",894.96,09/22/2022 14:41:21
97,emilydavis7890@example.com,"Jeans, Watch, Jacket, T-shirt, Sneakers",969.4200000000001,05/29/2022 19:12:48
98,emilydavis7890@example.com,,641.6800000000001,11/06/2022 02:23:12
99,sarahjones5678@gmail.com,"T-shirt, Watch",552.3,01/22/2022 17:19:34
100,matthewjackson5678@hotmail.com,"T-shirt, Jacket, Watch, Sneakers",1013.6299999999999,04/27/2022 20:11:26
101,chrisgreen2468@outlook.com,"T-shirt, Sneakers, Watch, Jacket",743.57,03/09/2023 01:24:35
102,rachelgray7890@yahoo.com,"Jeans, Jacket, Sneakers",437.52000000000004,04/04/2022 21:33:08
103,adamjohnson2468@yahoo.com,"Jacket, Watch, Sneakers, Jeans",1241.6599999999999,07/05/2022 15:13:24
104,sarahjones5678@gmail.com,"T-shirt, Jacket, Jeans, Sneakers",1028.41,11/22/2022 16:19:13
105,johndoe1234@example.com,"Watch, Jacket, Jeans, T-shirt, Sneakers",1728.4,01/10/2023 20:01:12
106,jessicasmith5678@gmail.com,"T-shirt, Sneakers, Jacket, Watch",685.03,02/04/2023 22:01:45
107,chrisgreen2468@outlook.com,"Watch, T-shirt, Sneakers",1107.6,11/06/2022 13:38:17
108,jenniferwhite1234@gmail.com,"Sneakers, T-shirt, Watch, Jeans",1093.51,10/31/2022 05:38:34
109,bob@example.com,"Sneakers, Watch, Jeans, T-shirt",1038.7199999999998,12/26/2022 03:33:03
110,bob@example.com,"T-shirt, Watch, Jeans",366.26,01/07/2022 11:04:33
111,laurawilson7890@example.com,Jeans,269.01,01/30/2022 16:04:58
112,laurensmith1357@gmail.com,"Sneakers, Jacket, Jeans, Watch",830.64,01/09/2023 07:28:43
113,davidlee2468@yahoo.com,T-shirt,216.12,02/14/2022 18:50:19
114,nickjones2468@outlook.com,"Jeans, Jacket, Sneakers, T-shirt",10000,09/23/2022 07:06:30
115,laurawilson7890@example.com,"Jeans, Sneakers, Jacket, T-shirt, Watch",10000,06/18/2022 13:00:00
116,sarahjones5678@gmail.com,"T-shirt, Jeans, Watch, Jacket",764.06,07/19/2022 12:13:08
117,stephaniebrown5678@gmail.com,"Jacket, T-shirt, Jeans",1032.28,02/14/2022 09:08:12
118,patricktaylor1357@yahoo.com,"T-shirt, Jacket, Sneakers",569.04,04/11/2022 22:27:26
119,katewilliams7890@outlook.com,"T-shirt, Sneakers, Jacket, Watch",1048.31,03/26/2022 15:36:17
120,john@example.com,Jacket,470.68,12/21/2022 10:47:00
121,brianwilson4321@hotmail.com,"T-shirt, Jeans, Jacket, Sneakers",1244.0,06/04/2022 02:39:40
122,matthewjackson5678@hotmail.com,"Sneakers, Jacket",240.55,05/19/2022 12:50:27
123,chrisgreen2468@outlook.com,"T-shirt, Jeans, Sneakers, Watch",1245.1,07/08/2022 11:08:19
124,brianwilson4321@hotmail.com,"Jacket, Watch",224.14999999999998,01/04/2022 11:15:30
125,jessicasmith5678@gmail.com,"Jeans, Sneakers",565.9000000000001,11/04/2022 20:57:11
126,katewilliams7890@outlook.com,Sneakers,183.89,04/08/2022 03:47:43
127,chrisgreen2468@outlook.com,"T-shirt, Jeans",285.2,06/07/2022 04:47:22
128,rachelgray7890@yahoo.com,"Jacket, Sneakers, Jeans, T-shirt",1522.23,11/04/2022 12:23:52
129,sarahjones5678@gmail.com,"Watch, Jeans, Sneakers",785.35,07/14/2022 21:46:48
130,andrewbrown2468@outlook.com,"T-shirt, Sneakers, Jeans, Jacket, Watch",1852.06,01/30/2023 06:46:33
131,sarahjones5678@gmail.com,"T-shirt, Sneakers, Watch",686.08,04/09/2022 11:41:58
132,jenniferwhite1234@gmail.com,"Jacket, T-shirt, Sneakers",403.81000000000006,10/22/2022 22:00:51
133,stephaniebrown5678@gmail.com,"Jacket, Jeans, Sneakers, T-shirt, Watch",1259.84,03/01/2022 07:24:46
134,katewilliams7890@outlook.com,"T-shirt, Sneakers, Jeans",1008.81,03/17/2022 02:21:51
135,john@example.com,"Jacket, Watch",467.13,04/02/2022 03:32:24
136,rachelgray7890@yahoo.com,T-shirt,284.7,02/17/2023 12:06:59
137,nickjones2468@outlook.com,"T-shirt, Sneakers",438.42,12/08/2022 20:57:19
138,katewilliams7890@outlook.com,"Jacket, Watch, Sneakers",551.31,07/02/2022 08:44:24
139,laurensmith1357@gmail.com,"Watch, Jacket, Sneakers",1160.44,06/21/2022 03:07:02
140,katewilliams7890@outlook.com,"Watch, Jeans",597.6600000000001,02/24/2022 01:15:53
141,brianwilson4321@hotmail.com,"Jeans, Jacket, Sneakers",788.91,02/15/2023 06:12:00
142,stephaniebrown5678@gmail.com,"Watch, Sneakers, Jeans, T-shirt",923.7,01/2022/01 01:00:00
143,andrewbrown2468@outlook.com,"Jacket, Jeans, T-shirt",705.87,10/26/2022 19:34:59
144,chrisgreen2468@outlook.com,"Jacket, Jeans, Sneakers",1017.86,06/26/2022 20:34:53
145,patricktaylor1357@yahoo.com,"Sneakers, Watch, Jeans, Jacket, T-shirt",1081.27,01/12/2022 05:20:04
146,ericmorris1234@example.com,"Watch, Jeans",464.28,09/12/2022 18:42:48
147,katewilliams7890@outlook.com,"Sneakers, Jeans, T-shirt",993.44,01/2022/01 01:00:00
148,laurawilson7890@example.com,Jacket,81.74,10/09/2022 06:01:43
149,davidlee2468@yahoo.com,"Jacket, Watch",444.39,06/19/2022 04:43:03
150,amybrown7890@outlook.com,"Jacket, Jeans, T-shirt, Sneakers, Watch",1397.6,02/08/2023 00:22:18
151,rachelgray7890@yahoo.com,"Watch, Sneakers, Jacket, Jeans",968.64,01/30/2023 09:11:56
152,davidlee2468@yahoo.com,"T-shirt, Watch, Jacket",500.40999999999997,10/30/2022 17:20:02
153,jane@example.com,"Jacket, T-shirt, Jeans, Sneakers",1016.0,01/08/2022 18:33:56
154,andrewbrown2468@outlook.com,"Jacket, T-shirt, Jeans, Watch",1118.1799999999998,02/23/2023 18:46:58
155,adamjohnson2468@yahoo.com,T-shirt,423.72,09/21/2022 08:23:09
156,stephaniebrown5678@gmail.com,"Jeans, Watch, Jacket, Sneakers, T-shirt",10000,03/31/2022 14:01:37
157,katewilliams7890@outlook.com,"Sneakers, T-shirt, Jacket",1322.2,07/06/2022 12:08:19
158,johndoe1234@example.com,"T-shirt, Jacket, Sneakers",824.0899999999999,10/17/2022 21:06:10
159,brianwilson4321@hotmail.com,"Jeans, T-shirt, Jacket, Watch",726.8599999999999,09/01/2022 06:50:15
160,adamjohnson2468@yahoo.com,"Sneakers, Jeans, Jacket, T-shirt",772.1700000000001,04/23/2022 02:22:59
161,bob@example.com,,296.75,12/27/2022 20:36:31
162,laurawilson7890@example.com,"Watch, T-shirt, Sneakers, Jacket",813.58,04/15/2022 11:27:49
163,ericmorris1234@example.com,"Jacket, T-shirt, Jeans, Watch, Sneakers",1849.6,01/10/2023 10:56:23
164,emilydavis7890@example.com,"Jacket, Watch",429.6,05/12/2022 20:46:58
165,amybrown7890@outlook.com,"Sneakers, Jeans",889.81,01/14/2023 20:33:43
166,matthewjackson5678@hotmail.com,"Sneakers, T-shirt, Jeans",854.2499999999999,07/13/2022 13:08:33
167,adamjohnson2468@yahoo.com,"Jacket, Jeans",647.09,04/01/2022 18:20:30
168,bob@example.com,"Jeans, Jacket, Sneakers",10000,10/07/2022 15:23:49
169,sarahjones5678@gmail.com,"Watch, T-shirt, Sneakers",851.15,01/09/2023 05:15:57
170,amybrown7890@outlook.com,T-shirt,144.89,11/27/2022 20:11:23
171,ericmorris1234@example.com,"Watch, Jacket, Jeans, T-shirt",10000,02/02/2022 08:48:06
172,jenniferwhite1234@gmail.com,Jeans,103.06,02/26/2023 00:00:22
173,katewilliams7890@outlook.com,"Jacket, Watch, Jeans, T-shirt, Sneakers",1553.9,11/29/2022 13:54:47
174,stephaniebrown5678@gmail.com,"Jacket, Watch",472.41,12/25/2022 03:34:08
175,john@example.com,"Watch, Sneakers, Jeans, Jacket",951.94,03/02/2022 17:02:10
176,nickjones2468@outlook.com,Sneakers,360.44,09/29/2022 16:04:05
177,katewilliams7890@outlook.com,"Jacket, Jeans, Watch",756.0400000000001,12/05/2022 13:06:02
178,brianwilson4321@hotmail.com,"Watch, Jacket, Jeans, Sneakers, T-shirt",1329.21,11/16/2022 06:17:09
179,chrisgreen2468@outlook.com,"Jeans, T-shirt",358.14,05/24/2022 19:51:59
180,sarahjones5678@gmail.com,Jeans,136.64,02/20/2022 19:51:34
181,matthewjackson5678@hotmail.com,Sneakers,11.22,09/01/2022 10:26:33
182,adamjohnson2468@yahoo.com,"Sneakers, Watch, T-shirt, Jacket, Jeans",1220.8899999999999,02/04/2023 07:27:14
183,sarahjones5678@gmail.com,"Jacket, Sneakers, T-shirt, Watch",769.1500000000001,09/10/2022 07:30:57
184,jenniferwhite1234@gmail.com,"Jeans, T-shirt, Watch, Jacket",1312.99,12/19/2022 12:14:43
185,matthewjackson5678@hotmail.com,"Sneakers, Watch, Jacket, T-shirt, Jeans",1331.38,03/10/2023 11:40:42
186,amybrown7890@outlook.com,"Watch, T-shirt, Sneakers",884.38,01/25/2022 11:18:54
187,laurensmith1357@gmail.com,"Watch, Jeans, Jacket, T-shirt",789.37,05/26/2022 22:51:46
188,john@example.com,T-shirt,163.82,02/12/2022 04:28:53
189,sarahjones5678@gmail.com,"Jacket, Watch, Jeans",1016.19,02/26/2022 17:21:47
190,sarahjones5678@gmail.com,"Jeans, Jacket",725.8900000000001,08/18/2022 00:43:47
191,laurawilson7890@example.com,Jeans,368.73,08/31/2022 07:41:08
192,amybrown7890@outlook.com,"T-shirt, Jacket",140.72,02/16/2023 01:45:33
193,matthewjackson5678@hotmail.com,T-shirt,266.32,03/12/2023 16:12:12
194,jane@example.com,"Sneakers, T-shirt, Jeans, Jacket, Watch",1359.32,02/13/2022 20:32:10
195,johndoe1234@example.com,"Jeans, Sneakers, T-shirt, Jacket",927.4299999999998,01/08/2022 23:07:29
196,jane@example.com,"Sneakers, Jeans",10000,03/03/2023 19:52:56
197,chrisgreen2468@outlook.com,"T-shirt, Jeans, Watch, Sneakers, Jacket",1284.17,02/02/2022 16:18:14
198,emilydavis7890@example.com,"Jacket, Watch, Jeans, Sneakers",638.24,10/22/2022 19:01:33
199,jenniferwhite1234@gmail.com,"T-shirt, Jacket, Sneakers, Watch",1257.28,02/04/2022 20:01:40
200,rachelgray7890@yahoo.com,"T-shirt, Watch, Sneakers, Jacket",813.63,01/19/2022 01:24:48
201,andrewbrown2468@outlook.com,Jacket,83.24,04/06/2022 02:12:52
202,bob@example.com,,487.15,04/17/2022 09:46:21
203,john@example.com,"Jacket, Jeans, Sneakers, Watch",1810.3600000000001,02/24/2023 12:29:42
204,jane@example.com,Jacket,487.38,08/10/2022 01:21:23
205,adamjohnson2468@yahoo.com,"T-shirt, Jeans",641.52,04/27/2022 08:50:18
206,chrisgreen2468@outlook.com,"T-shirt, Jeans, Watch",846.57,09/24/2022 00:07:03
207,laurawilson7890@example.com,"Sneakers, Watch, Jacket",533.5799999999999,03/28/2022 03:39:48
208,jessicasmith5678@gmail.com,Jacket,155.33,12/09/2022 11:17:04
209,davidlee2468@yahoo.com,"T-shirt, Jeans, Watch",691.83,06/06/2022 05:52:16
210,emilydavis7890@example.com,"T-shirt, Jacket, Watch, Jeans",272.37,07/13/2022 18:47:48
211,john@example.com,"Jeans, Jacket, T-shirt",894.8399999999999,08/07/2022 07:18:22
212,davidlee2468@yahoo.com,"Jacket, Jeans, Watch",304.68,02/18/2023 01:53:58
213,john@example.com,"T-shirt, Watch, Jacket",1082.5900000000001,10/02/2022 15:23:50
214,katewilliams7890@outlook.com,"Watch, Jeans, Sneakers, Jacket",836.07,03/20/2022 10:47:40
215,davidlee2468@yahoo.com,"T-shirt, Jeans, Jacket, Sneakers",462.90000000000003,05/27/2022 02:29:33
216,laurensmith1357@gmail.com,"Jacket, Sneakers, T-shirt",840.26,11/17/2022 08:39:08
217,brianwilson4321@hotmail.com,"Jeans, T-shirt",327.93,09/07/2022 00:57:10
218,adamjohnson2468@yahoo.com,"Sneakers, Jeans, Watch",609.5899999999999,10/08/2022 23:25:24
219,bob@example.com,Sneakers,379.12,06/15/2022 23:43:25
220,rachelgray7890@yahoo.com,"Jeans, T-shirt, Jacket, Watch, Sneakers",1689.9499999999998,01/12/2022 13:12:00
221,emilydavis7890@example.com,"Sneakers, Jeans, Jacket, T-shirt",1245.02,02/13/2023 00:01:59
222,jessicasmith5678@gmail.com,"T-shirt, Sneakers, Jeans",811.19,08/21/2022 17:37:13
223,stephaniebrown5678@gmail.com,Jeans,219.04,01/10/2022 19:09:08
224,katewilliams7890@outlook.com,"Jeans, Watch, Sneakers, T-shirt, Jacket",799.65,10/04/2022 23:35:17
225,johndoe1234@example.com,Watch,411.13,11/09/2022 14:14:44
226,brianwilson4321@hotmail.com,"Jeans, Jacket, Watch, Sneakers, T-shirt",1428.79,12/10/2022 12:08:54
227,jane@example.com,"Watch, Sneakers, Jeans, Jacket, T-shirt",1277.48,04/28/2022 15:25:50
228,davidlee2468@yahoo.com,"Jeans, Jacket, T-shirt",920.4599999999999,01/27/2023 23:51:39
229,andrewbrown2468@outlook.com,"Jeans, Jacket, T-shirt",858.95,12/13/2022 16:22:36
230,jane@example.com,"Jeans, Sneakers, Jacket",626.46,11/23/2022 03:59:24
231,katewilliams7890@outlook.com,"T-shirt, Watch, Sneakers, Jeans",1119.4,01/04/2023 15:34:43
232,katewilliams7890@outlook.com,"Jacket, Sneakers, Watch",511.91,07/13/2022 13:30:17
233,ericmorris1234@example.com,"Jeans, T-shirt, Watch",435.86,04/06/2022 17:43:44
234,,"Sneakers, Jeans, T-shirt, Jacket",1022.7700000000001,01/11/2022 22:31:30
235,andrewbrown2468@outlook.com,"T-shirt, Watch, Jacket",269.09000000000003,08/03/2022 07:23:50
236,johndoe1234@example.com,T-shirt,42.7,02/16/2022 08:03:38
237,jenniferwhite1234@gmail.com,"Watch, T-shirt",782.95,07/04/2022 11:29:52
238,laurensmith1357@gmail.com,T-shirt,419.31,01/30/2023 10:57:22
239,amybrown7890@outlook.com,"Watch, T-shirt, Jacket",706.76,03/26/2022 21:40:49
240,chrisgreen2468@outlook.com,"Jeans, T-shirt, Sneakers, Watch, Jacket",884.2099999999999,03/16/2022 16:26:13
241,brianwilson4321@hotmail.com,Sneakers,442.75,02/08/2022 17:12:54
242,laurawilson7890@example.com,"T-shirt, Sneakers",499.77000000000004,04/05/2022 15:36:05
243,chrisgreen2468@outlook.com,"T-shirt, Jeans, Jacket, Sneakers",1419.84,09/28/2022 05:20:32
244,davidlee2468@yahoo.com,"Watch, T-shirt, Sneakers, Jeans, Jacket",854.53,01/02/2023 18:20:24
245,andrewbrown2468@outlook.com,"Jeans, Jacket",467.79,08/24/2022 14:20:45
246,patricktaylor1357@yahoo.com,"Jeans, T-shirt, Jacket, Sneakers, Watch",1076.61,03/10/2022 14:01:39
247,ericmorris1234@example.com,"Jacket, Jeans, Sneakers, T-shirt",764.1000000000001,04/21/2022 05:39:56
248,davidlee2468@yahoo.com,"T-shirt, Jeans, Sneakers",387.49,05/24/2022 15:25:51
249,jenniferwhite1234@gmail.com,"Jacket, T-shirt",561.17,02/03/2023 00:24:53
250,rachelgray7890@yahoo.com,"Jacket, Sneakers",501.69,04/27/2022 03:44:33
251,bob@example.com,"Watch, Sneakers, Jacket, Jeans",1302.8700000000001,09/26/2022 15:12:17
252,rachelgray7890@yahoo.com,Sneakers,149.34,01/04/2023 23:10:50
253,amybrown7890@outlook.com,"Sneakers, Watch, Jeans, T-shirt, Jacket",963.09,02/18/2023 00:01:08
254,ericmorris1234@example.com,T-shirt,406.43,08/04/2022 07:39:00
255,nickjones2468@outlook.com,"T-shirt, Jacket, Watch, Sneakers",733.31,03/10/2023 04:47:28
256,brianwilson4321@hotmail.com,T-shirt,10000,04/09/2022 12:01:56
257,adamjohnson2468@yahoo.com,Jeans,24.95,05/31/2022 12:49:18
258,johndoe1234@example.com,"Watch, Jacket",740.69,07/12/2022 22:41:06
259,nickjones2468@outlook.com,"Watch, Jacket, Sneakers, Jeans",1211.9199999999998,07/14/2022 23:10:14
260,amybrown7890@outlook.com,"Watch, Jacket, Jeans, Sneakers, T-shirt",1406.8700000000001,03/10/2023 19:06:29
261,emilydavis7890@example.com,"Watch, Jacket",444.96,01/13/2023 20:38:51
262,matthewjackson5678@hotmail.com,"Jeans, Jacket, T-shirt",979.05,01/02/2022 21:58:52
263,bob@example.com,"Sneakers, Jacket",795.29,08/01/2022 05:24:04
264,matthewjackson5678@hotmail.com,"Jeans, T-shirt, Jacket, Sneakers",811.99,07/10/2022 11:21:32
265,nickjones2468@outlook.com,"Watch, Sneakers, T-shirt, Jeans, Jacket",705.81,01/08/2023 21:13:05
266,katewilliams7890@outlook.com,"Watch, Jacket, T-shirt, Sneakers, Jeans",1138.47,09/17/2022 15:30:18
267,chrisgreen2468@outlook.com,"Jacket, Watch, Jeans, Sneakers, T-shirt",1127.4300000000003,03/16/2023 14:31:43
268,ericmorris1234@example.com,"Watch, Jacket, Sneakers, T-shirt",852.16,05/22/2022 17:53:59
269,katewilliams7890@outlook.com,"Jeans, T-shirt, Watch",235.62,12/09/2022 18:04:58
270,davidlee2468@yahoo.com,"Jeans, Jacket, Watch",841.1700000000001,06/07/2022 13:22:06
271,chrisgreen2468@outlook.com,Jacket,36.51,11/14/2022 13:17:12
272,stephaniebrown5678@gmail.com,"Watch, Jacket, Jeans",662.63,08/14/2022 04:44:57
273,brianwilson4321@hotmail.com,Jeans,336.98,04/30/2022 15:45:02
274,bob@example.com,"Sneakers, Jeans, T-shirt, Jacket, Watch",1148.2,07/05/2022 12:57:59
275,jenniferwhite1234@gmail.com,"Jeans, Watch, T-shirt, Jacket",713.07,07/29/2022 03:56:24
276,sarahjones5678@gmail.com,"Jacket, Jeans",508.24,09/25/2022 10:03:57
277,john@example.com,"Jeans, T-shirt, Jacket",905.35,11/15/2022 11:21:40
278,amybrown7890@outlook.com,"T-shirt, Sneakers, Jacket",904.2,01/23/2022 08:41:40
279,brianwilson4321@hotmail.com,"T-shirt, Sneakers",573.52,01/2022/01 01:00:00
280,rachelgray7890@yahoo.com,"T-shirt, Jeans",378.72,08/22/2022 12:49:21
281,emilydavis7890@example.com,"Jacket, Jeans, T-shirt, Watch",1115.19,03/18/2022 07:50:19
282,patricktaylor1357@yahoo.com,"T-shirt, Jacket, Sneakers, Watch",861.35,01/11/2022 10:59:22
283,stephaniebrown5678@gmail.com,"Jacket, Jeans, Sneakers",851.9000000000001,01/03/2023 16:56:05
284,andrewbrown2468@outlook.com,"Jacket, Watch, Jeans",819.55,09/13/2022 01:38:31
285,emilydavis7890@example.com,"Jacket, Watch, T-shirt, Jeans",1031.1499999999999,10/23/2022 06:28:55
286,amybrown7890@outlook.com,"Jacket, Watch, T-shirt, Jeans, Sneakers",1458.64,08/22/2022 12:40:22
287,laurensmith1357@gmail.com,"T-shirt, Jacket, Watch, Jeans",1251.58,10/06/2022 03:17:31
288,rachelgray7890@yahoo.com,Jacket,17.3,12/16/2022 18:54:32
289,stephaniebrown5678@gmail.com,"Watch, Jacket, T-shirt",803.5799999999999,01/21/2023 03:53:41
290,emilydavis7890@example.com,"Watch, Sneakers, Jeans, T-shirt, Jacket",1153.33,07/10/2022 19:26:22
291,jane@example.com,"Sneakers, T-shirt, Watch",973.52,06/14/2022 17:58:52
292,brianwilson4321@hotmail.com,"T-shirt, Jacket, Jeans",859.25,08/08/2022 17:38:46
293,ericmorris1234@example.com,"Jacket, Jeans, Watch, T-shirt, Sneakers",1490.27,06/09/2022 05:14:15
294,nickjones2468@outlook.com,"Jeans, T-shirt, Watch",979.0899999999999,01/21/2023 23:36:12
295,jenniferwhite1234@gmail.com,"Sneakers, Watch, Jeans, Jacket",1369.6399999999999,01/07/2023 09:11:17
296,johndoe1234@example.com,"Sneakers, Jacket",564.45,07/30/2022 13:11:55
297,ericmorris1234@example.com,"Watch, Jeans, T-shirt",1176.74,04/05/2022 10:50:48
298,chrisgreen2468@outlook.com,Jeans,117.51,05/27/2022 13:16:16
299,amybrown7890@outlook.com,"Sneakers, T-shirt, Jeans, Watch, Jacket",1112.31,03/30/2022 07:38:05
300,bob@example.com,"Sneakers, T-shirt",131.26999999999998,08/21/2022 23:12:16
301,jessicasmith5678@gmail.com,Jeans,266.74,05/24/2022 17:53:59
302,adamjohnson2468@yahoo.com,"Jacket, T-shirt",789.44,06/02/2022 10:23:30
303,chrisgreen2468@outlook.com,Sneakers,165.44,12/21/2022 18:48:58
304,nickjones2468@outlook.com,"Jacket, T-shirt, Sneakers, Jeans",1190.1100000000001,09/18/2022 21:02:47
305,bob@example.com,Watch,498.85,07/29/2022 04:43:07
306,jenniferwhite1234@gmail.com,"Sneakers, Jeans",619.8299999999999,03/18/2022 10:46:35
307,jenniferwhite1234@gmail.com,"T-shirt, Watch, Jacket, Sneakers",1058.39,11/20/2022 09:07:52
308,laurensmith1357@gmail.com,"Watch, Jeans, Jacket",1030.57,09/07/2022 13:18:57
309,brianwilson4321@hotmail.com,"Sneakers, T-shirt, Jacket",1047.16,06/07/2022 13:13:15
310,emilydavis7890@example.com,"Sneakers, Jacket, Watch, T-shirt, Jeans",1487.81,12/01/2022 08:47:26
311,ericmorris1234@example.com,"T-shirt, Jeans, Watch",784.18,06/17/2022 10:24:19
312,chrisgreen2468@outlook.com,"T-shirt, Jeans, Watch, Sneakers, Jacket",1912.4,03/08/2023 19:36:35
313,jane@example.com,"Jeans, T-shirt, Sneakers, Jacket, Watch",1081.4,12/21/2022 03:48:17
314,adamjohnson2468@yahoo.com,"Jeans, Watch, Jacket",560.28,06/11/2022 06:21:43
315,bob@example.com,"Jacket, Watch, Jeans, Sneakers",762.7100000000002,07/31/2022 05:59:04
316,matthewjackson5678@hotmail.com,Jacket,297.21,01/09/2023 15:10:32
317,katewilliams7890@outlook.com,"Jeans, Sneakers, Watch, Jacket, T-shirt",1322.4,03/13/2022 05:10:53
318,davidlee2468@yahoo.com,"Jeans, Watch",706.5699999999999,02/05/2022 04:02:52
319,bob@example.com,"T-shirt, Watch, Jacket, Sneakers",291.73,02/28/2022 17:47:50
320,johndoe1234@example.com,"Jeans, Jacket, Sneakers",951.3900000000001,05/24/2022 12:04:45
321,rachelgray7890@yahoo.com,"Jacket, Jeans, Watch",565.22,06/13/2022 05:02:35
322,laurawilson7890@example.com,T-shirt,94.2,07/21/2022 20:19:07
323,brianwilson4321@hotmail.com,"Jacket, T-shirt",463.91999999999996,08/16/2022 09:59:54
324,adamjohnson2468@yahoo.com,Watch,330.23,01/06/2023 06:08:34
325,davidlee2468@yahoo.com,"T-shirt, Sneakers, Watch, Jeans",844.55,05/09/2022 01:37:06
326,andrewbrown2468@outlook.com,"Jeans, T-shirt, Watch, Jacket",942.96,12/16/2022 06:26:31
327,bob@example.com,"Jeans, Jacket, Sneakers",890.55,02/15/2022 15:03:36
328,john@example.com,"Watch, T-shirt, Jacket, Jeans",147.45999999999998,12/25/2022 05:08:59
329,brianwilson4321@hotmail.com,"Jacket, T-shirt, Watch",778.6899999999999,03/13/2022 08:04:47
330,rachelgray7890@yahoo.com,"Watch, Jacket",701.42,03/12/2022 14:22:56
331,laurensmith1357@gmail.com,"Jacket, Jeans, T-shirt",492.73,12/11/2022 14:52:18
332,matthewjackson5678@hotmail.com,T-shirt,497.57,12/19/2022 15:16:04
333,johndoe1234@example.com,,1082.0,03/17/2022 04:32:07
334,patricktaylor1357@yahoo.com,T-shirt,209.06,01/04/2022 00:35:42
335,sarahjones5678@gmail.com,"Jeans, Sneakers",246.64,02/24/2022 16:50:07
336,jessicasmith5678@gmail.com,"Watch, Sneakers, Jacket",773.44,07/24/2022 06:08:14
337,jenniferwhite1234@gmail.com,"Jacket, Watch",499.49,06/04/2022 15:33:45
338,brianwilson4321@hotmail.com,"Jeans, Sneakers, Jacket",493.91999999999996,09/12/2022 20:57:46
339,johndoe1234@example.com,"Sneakers, T-shirt, Jacket",670.53,03/25/2022 06:56:02
32,andrewbrown2468@outlook.com,Jacket,35.01,06/09/2022 00:31:47
341,katewilliams7890@outlook.com,"Watch, Jeans, Jacket, Sneakers",1112.31,03/15/2022 23:44:36
342,laurawilson7890@example.com,"Sneakers, Watch, Jeans",830.5500000000001,12/21/2022 02:10:03
343,jane@example.com,"T-shirt, Jacket, Sneakers",718.33,03/09/2023 20:47:42
344,ericmorris1234@example.com,"Jeans, Watch, Jacket, T-shirt, Sneakers",1732.0700000000002,03/08/2022 18:59:01
345,nickjones2468@outlook.com,"T-shirt, Watch, Jacket, Jeans",1336.02,04/13/2022 17:18:03
346,laurensmith1357@gmail.com,"Watch, Jacket, T-shirt, Jeans",1498.76,08/15/2022 19:13:13
347,laurawilson7890@example.com,"Watch, Sneakers",376.33,12/19/2022 08:36:20
348,amybrown7890@outlook.com,"Jeans, T-shirt",832.23,02/26/2022 13:58:17
349,laurensmith1357@gmail.com,"T-shirt, Sneakers, Watch, Jacket",784.35,03/04/2022 20:01:19
350,,"Jeans, Sneakers, T-shirt",687.42,01/20/2022 22:17:28
351,nickjones2468@outlook.com,T-shirt,371.02,01/21/2022 10:41:38
352,andrewbrown2468@outlook.com,"Sneakers, Watch, T-shirt, Jeans, Jacket",1502.35,11/14/2022 00:22:20
353,laurawilson7890@example.com,Sneakers,348.64,08/22/2022 20:18:31
354,john@example.com,T-shirt,174.84,05/29/2022 04:44:19
355,brianwilson4321@hotmail.com,"T-shirt, Jacket",647.51,09/02/2022 13:54:00
356,jane@example.com,"Watch, T-shirt, Jeans, Sneakers",1044.02,05/28/2022 17:51:07
357,patricktaylor1357@yahoo.com,"Sneakers, Watch, T-shirt",1132.25,07/10/2022 23:27:43
358,brianwilson4321@hotmail.com,"T-shirt, Sneakers, Watch, Jacket, Jeans",1850.97,01/22/2022 22:10:52
359,amybrown7890@outlook.com,"Jacket, Watch, Sneakers, Jeans, T-shirt",1141.3400000000001,11/20/2022 02:49:39
360,katewilliams7890@outlook.com,Jeans,14.22,08/25/2022 07:15:03
361,nickjones2468@outlook.com,"Jeans, Watch, Jacket, T-shirt, Sneakers",1156.33,02/20/2022 14:15:54
362,jenniferwhite1234@gmail.com,Watch,32.09,01/2022/01 01:00:00
363,brianwilson4321@hotmail.com,"T-shirt, Jacket, Sneakers, Jeans",1006.76,02/21/2022 11:02:12
364,rachelgray7890@yahoo.com,Watch,245.14,08/05/2022 12:08:26
365,katewilliams7890@outlook.com,Watch,461.49,01/2022/01 01:00:00
366,matthewjackson5678@hotmail.com,T-shirt,418.66,05/20/2022 01:28:32
367,john@example.com,"T-shirt, Sneakers, Watch",632.32,09/04/2022 07:45:34
368,johndoe1234@example.com,"T-shirt, Jacket, Watch, Jeans",1456.05,08/16/2022 22:40:51
369,katewilliams7890@outlook.com,,1397.47,01/23/2023 07:56:06
370,katewilliams7890@outlook.com,"Sneakers, Watch, T-shirt, Jacket, Jeans",1118.36,10/25/2022 08:31:33
371,emilydavis7890@example.com,"Jeans, Sneakers",515.88,02/01/2022 04:30:32
372,johndoe1234@example.com,"Sneakers, Watch, Jacket, T-shirt, Jeans",766.4000000000001,06/15/2022 05:17:23
373,jessicasmith5678@gmail.com,"Jeans, Sneakers, Jacket, T-shirt",1030.6799999999998,12/25/2022 07:41:48
374,stephaniebrown5678@gmail.com,"Watch, T-shirt",311.0,01/12/2022 14:16:31
375,jane@example.com,"Jacket, Sneakers",572.74,05/10/2022 05:36:59
376,brianwilson4321@hotmail.com,"Jacket, Sneakers, Watch, Jeans, T-shirt",1415.37,03/16/2022 05:53:29
377,john@example.com,"Sneakers, Jeans, T-shirt, Jacket",1030.48,08/14/2022 11:07:12
378,laurawilson7890@example.com,"Jeans, Watch, Sneakers, Jacket",753.59,10/26/2022 19:36:32
379,andrewbrown2468@outlook.com,"Watch, Sneakers, Jeans, T-shirt, Jacket",849.91,11/05/2022 12:17:59
380,jessicasmith5678@gmail.com,"Sneakers, Jacket, Jeans, T-shirt, Watch",1246.12,03/23/2022 21:45:33
381,johndoe1234@example.com,Jacket,53.66,01/26/2022 06:29:43
382,matthewjackson5678@hotmail.com,"Watch, Jacket, Sneakers, Jeans",487.33,09/19/2022 20:10:24
383,bob@example.com,"Jacket, T-shirt, Watch",1080.9299999999998,01/22/2023 19:04:10
384,nickjones2468@outlook.com,"Sneakers, Watch, T-shirt, Jacket",826.6099999999999,12/06/2022 15:34:36
385,johndoe1234@example.com,"Watch, Jacket, Jeans, T-shirt",767.7699999999999,01/22/2022 07:07:31
386,nickjones2468@outlook.com,"Watch, T-shirt, Sneakers, Jacket",1425.26,02/11/2023 19:32:29
387,brianwilson4321@hotmail.com,"T-shirt, Jacket, Sneakers",822.13,06/30/2022 00:04:15
388,katewilliams7890@outlook.com,"Sneakers, Watch",853.03,01/11/2023 16:40:40
389,matthewjackson5678@hotmail.com,"Jacket, Sneakers, Watch, Jeans",802.77,03/30/2022 15:04:08
390,johndoe1234@example.com,Jeans,113.5,10/07/2022 11:49:57
391,laurensmith1357@gmail.com,"Sneakers, T-shirt",190.39999999999998,01/2022/01 01:00:00
392,matthewjackson5678@hotmail.com,Jacket,10.99,01/14/2022 07:39:18
393,amybrown7890@outlook.com,"Sneakers, Jeans, T-shirt",1106.51,01/17/2023 11:58:06
394,adamjohnson2468@yahoo.com,Jacket,456.8,11/16/2022 11:09:32
395,patricktaylor1357@yahoo.com,"Jacket, T-shirt, Watch, Jeans",1452.25,09/05/2022 15:53:41
396,bob@example.com,"Jeans, T-shirt",473.73,11/12/2022 07:42:29
397,john@example.com,"Jeans, T-shirt, Sneakers",845.52,05/10/2022 11:01:04
398,john@example.com,"T-shirt, Jeans, Jacket",1200.0,03/13/2023 12:34:31
399,brianwilson4321@hotmail.com,"T-shirt, Jacket",595.98,05/03/2022 12:08:42
400,bob@example.com,"Sneakers, Jeans",548.09,09/25/2022 18:51:49
401,chrisgreen2468@outlook.com,"Watch, Sneakers, Jeans, T-shirt, Jacket",1504.0100000000002,12/15/2022 13:09:11
402,matthewjackson5678@hotmail.com,"T-shirt, Jeans, Sneakers, Jacket",1086.1100000000001,03/13/2022 17:07:53
403,rachelgray7890@yahoo.com,"Watch, T-shirt, Jeans",873.8,01/13/2022 00:30:03
404,davidlee2468@yahoo.com,T-shirt,39.99,07/13/2022 09:14:19
405,sarahjones5678@gmail.com,Watch,482.95,01/17/2023 11:29:50
406,bob@example.com,Jeans,44.57,10/11/2022 10:33:47
407,jessicasmith5678@gmail.com,"Watch, Jacket, T-shirt, Jeans, Sneakers",946.76,08/03/2022 05:39:02
408,jenniferwhite1234@gmail.com,"T-shirt, Jacket, Watch",981.29,07/05/2022 11:09:11
409,brianwilson4321@hotmail.com,"T-shirt, Jeans",211.28,12/16/2022 02:03:53
410,matthewjackson5678@hotmail.com,"Watch, Jeans, Sneakers, T-shirt, Jacket",1280.0,01/13/2023 12:27:47
411,davidlee2468@yahoo.com,"Jacket, Jeans",259.38,05/06/2022 17:57:55
412,rachelgray7890@yahoo.com,"Sneakers, Watch, Jeans, Jacket",813.63,01/14/2023 08:26:06
413,amybrown7890@outlook.com,Jacket,140.6,04/25/2022 16:16:16
414,laurawilson7890@example.com,T-shirt,26.44,10/08/2022 05:49:08
415,rachelgray7890@yahoo.com,"T-shirt, Watch, Jacket, Sneakers, Jeans",1250.09,09/13/2022 16:32:45
416,johndoe1234@example.com,"T-shirt, Sneakers",678.21,12/13/2022 10:21:49
417,jenniferwhite1234@gmail.com,"Watch, Sneakers, Jacket, Jeans, T-shirt",1394.9699999999998,07/10/2022 04:41:38
418,brianwilson4321@hotmail.com,"Sneakers, T-shirt, Jacket, Watch",1160.4299999999998,07/02/2022 19:05:47
419,katewilliams7890@outlook.com,"Jacket, T-shirt, Sneakers, Watch, Jeans",1191.75,10/26/2022 21:42:28
420,rachelgray7890@yahoo.com,"T-shirt, Sneakers",850.72,07/30/2022 10:44:47
421,johndoe1234@example.com,"T-shirt, Sneakers, Watch, Jeans",1014.3600000000001,06/06/2022 00:44:58
422,emilydavis7890@example.com,"Jeans, T-shirt, Watch",863.37,11/27/2022 09:33:25
423,rachelgray7890@yahoo.com,"Sneakers, T-shirt, Jacket, Watch",687.87,08/21/2022 19:54:48
424,,"Jeans, T-shirt, Jacket",803.8499999999999,10/01/2022 10:28:14
425,jessicasmith5678@gmail.com,"T-shirt, Jeans, Jacket",678.72,04/18/2022 14:43:05
426,bob@example.com,"Watch, Jeans, Jacket, T-shirt",1352.57,07/08/2022 08:26:40
427,john@example.com,"Watch, T-shirt, Jacket, Sneakers",1031.3700000000001,10/25/2022 02:48:43
428,sarahjones5678@gmail.com,"Watch, T-shirt, Sneakers",546.62,05/11/2022 04:22:33
429,emilydavis7890@example.com,Watch,444.47,01/06/2023 14:02:10
430,adamjohnson2468@yahoo.com,Sneakers,10000,10/18/2022 07:44:16
431,laurensmith1357@gmail.com,"T-shirt, Jeans, Sneakers, Jacket, Watch",998.23,01/17/2022 13:04:50
432,ericmorris1234@example.com,"Sneakers, Jeans",677.76,02/28/2022 05:54:13
433,jane@example.com,"T-shirt, Watch, Jacket",652.31,04/04/2022 08:52:54
434,ericmorris1234@example.com,"Jacket, T-shirt",742.31,12/17/2022 03:33:21
435,bob@example.com,"T-shirt, Watch, Jacket",968.3000000000001,03/12/2022 02:26:28
436,johndoe1234@example.com,"Jeans, T-shirt",84.73,09/23/2022 16:36:57
437,amybrown7890@outlook.com,"Sneakers, Jacket, T-shirt",552.31,01/02/2023 13:50:31
438,ericmorris1234@example.com,"Watch, Jacket, Sneakers, Jeans",1244.02,02/27/2022 19:19:18
439,,"Jeans, Sneakers, T-shirt",500.87,04/11/2022 14:16:31
440,rachelgray7890@yahoo.com,"T-shirt, Jeans, Sneakers",974.6500000000001,10/31/2022 07:29:23
441,rachelgray7890@yahoo.com,"Jacket, T-shirt, Sneakers, Watch",927.48,09/14/2022 11:48:59
442,katewilliams7890@outlook.com,T-shirt,98.82,01/24/2022 08:26:16
443,patricktaylor1357@yahoo.com,T-shirt,308.29,05/10/2022 11:39:45
444,andrewbrown2468@outlook.com,"Jeans, Watch, Sneakers",926.1700000000001,09/28/2022 15:48:07
445,katewilliams7890@outlook.com,"Watch, Sneakers, Jacket, T-shirt, Jeans",1403.65,05/29/2022 01:37:25
446,patricktaylor1357@yahoo.com,"T-shirt, Jacket",612.51,09/02/2022 08:30:15
447,laurawilson7890@example.com,"Sneakers, Watch",59.64,01/03/2022 19:40:35
448,patricktaylor1357@yahoo.com,"Watch, Jeans, Jacket, Sneakers",1247.99,01/21/2022 18:05:43
449,john@example.com,T-shirt,291.04,12/26/2022 13:30:30
450,patricktaylor1357@yahoo.com,Jacket,267.02,08/14/2022 03:55:25
451,ericmorris1234@example.com,"T-shirt, Sneakers, Jacket",1117.67,04/28/2022 20:11:12
452,jessicasmith5678@gmail.com,"T-shirt, Jeans, Watch, Sneakers, Jacket",1066.6100000000001,01/29/2022 12:36:53
453,adamjohnson2468@yahoo.com,"Jacket, Jeans, Watch, T-shirt, Sneakers",1516.12,11/18/2022 01:47:06
454,ericmorris1234@example.com,"Jacket, Watch, T-shirt",750.0,07/26/2022 21:39:32
455,davidlee2468@yahoo.com,"Sneakers, T-shirt",512.38,03/06/2022 06:18:26
456,ericmorris1234@example.com,"T-shirt, Watch, Jacket, Sneakers, Jeans",927.03,10/02/2022 16:16:24
457,jenniferwhite1234@gmail.com,"Jeans, Jacket, Sneakers, Watch",1218.6299999999999,10/19/2022 15:01:20
458,stephaniebrown5678@gmail.com,"T-shirt, Jeans, Watch",434.21999999999997,03/16/2023 22:53:34
459,sarahjones5678@gmail.com,"T-shirt, Jeans",415.3,01/29/2023 09:38:58
460,ericmorris1234@example.com,"Jeans, Jacket",631.17,01/01/2023 17:46:15
461,nickjones2468@outlook.com,"Sneakers, Jacket, Jeans",738.14,06/15/2022 08:19:47
462,emilydavis7890@example.com,"T-shirt, Jeans, Sneakers, Jacket",1133.99,01/25/2023 12:46:16
463,matthewjackson5678@hotmail.com,"Jacket, T-shirt",694.03,02/03/2023 15:53:31
464,nickjones2468@outlook.com,"Sneakers, T-shirt, Jacket",403.56,01/08/2023 07:28:09
465,matthewjackson5678@hotmail.com,"T-shirt, Sneakers, Jeans",804.24,03/31/2022 14:20:01
466,amybrown7890@outlook.com,"Jacket, T-shirt, Jeans, Sneakers, Watch",1272.7499999999998,08/26/2022 16:01:33
467,patricktaylor1357@yahoo.com,"Watch, Jeans, T-shirt",993.03,02/03/2023 03:32:22
468,emilydavis7890@example.com,"Watch, Jeans, Sneakers, Jacket, T-shirt",1334.2,04/26/2022 03:14:15
469,jessicasmith5678@gmail.com,"Sneakers, Jacket",653.67,05/07/2022 20:36:35
470,andrewbrown2468@outlook.com,Sneakers,209.92,07/04/2022 14:06:59
471,bob@example.com,Jacket,104.87,02/01/2022 04:51:27
472,johndoe1234@example.com,Watch,357.53,10/18/2022 06:00:58
473,johndoe1234@example.com,"Jacket, Watch, T-shirt",343.04999999999995,05/11/2022 20:24:51
474,brianwilson4321@hotmail.com,"Jacket, Jeans",152.66,08/26/2022 13:26:48
475,laurensmith1357@gmail.com,Watch,186.62,10/02/2022 02:28:24
476,johndoe1234@example.com,"T-shirt, Sneakers, Watch, Jacket",1018.98,05/15/2022 19:57:28
477,chrisgreen2468@outlook.com,"Jeans, Watch, T-shirt",546.98,10/31/2022 02:47:49
478,jane@example.com,"Jeans, T-shirt, Watch, Sneakers",891.79,06/28/2022 12:27:39
479,adamjohnson2468@yahoo.com,"Watch, Jacket, Jeans",417.85,01/05/2022 23:32:58
480,sarahjones5678@gmail.com,"Jeans, Sneakers",351.47999999999996,06/28/2022 19:45:02
481,laurawilson7890@example.com,"T-shirt, Jacket",463.38,02/21/2022 15:50:09
482,jessicasmith5678@gmail.com,Jeans,295.79,06/16/2022 07:10:06
483,sarahjones5678@gmail.com,"Jacket, Jeans, T-shirt",613.45,11/05/2022 07:02:21
484,rachelgray7890@yahoo.com,"Sneakers, Jeans, T-shirt",816.02,01/2022/01 01:00:00
485,stephaniebrown5678@gmail.com,Watch,55.74,11/10/2022 18:22:32
486,andrewbrown2468@outlook.com,"Jeans, Watch",436.47,09/15/2022 15:22:29
487,emilydavis7890@example.com,Jacket,229.48,01/29/2022 10:06:15
488,brianwilson4321@hotmail.com,"Sneakers, Jeans, Jacket, T-shirt",1253.73,08/18/2022 15:42:38
489,matthewjackson5678@hotmail.com,"Watch, T-shirt",515.5699999999999,07/13/2022 23:23:32
490,andrewbrown2468@outlook.com,"Watch, Sneakers",950.4000000000001,02/14/2022 14:54:12
491,bob@example.com,"Jacket, Jeans, Watch",657.96,06/08/2022 13:16:33
52,brianwilson4321@hotmail.com,"Jeans, Jacket, Sneakers",537.8199999999999,02/18/2023 19:02:08
493,patricktaylor1357@yahoo.com,Watch,224.52,03/25/2022 23:46:56
494,emilydavis7890@example.com,T-shirt,451.99,03/10/2023 07:44:05
495,brianwilson4321@hotmail.com,"Jacket, Jeans",843.27,09/20/2022 10:14:46
496,patricktaylor1357@yahoo.com,"Jacket, T-shirt",920.59,06/23/2022 01:08:23
497,nickjones2468@outlook.com,"Watch, Jacket, Jeans, T-shirt, Sneakers",1697.1100000000001,05/28/2022 21:06:49
498,amybrown7890@outlook.com,"Sneakers, T-shirt, Jeans, Watch, Jacket",1294.95,01/09/2022 19:34:26
499,sarahjones5678@gmail.com,"T-shirt, Watch, Sneakers, Jacket",1118.62,11/05/2022 17:52:47
500,ericmorris1234@example.com,"Jacket, Watch, T-shirt",485.02,04/15/2022 15:13:29
501,johndoe1234@example.com,"Sneakers, Watch, Jeans",852.45,02/16/2023 01:42:50
502,matthewjackson5678@hotmail.com,"Sneakers, Jacket, Watch, Jeans, T-shirt",1531.3400000000001,10/18/2022 04:56:07
503,davidlee2468@yahoo.com,"Sneakers, T-shirt, Jacket",1131.1599999999999,09/23/2022 17:37:02
504,jane@example.com,"Jacket, Sneakers, T-shirt, Jeans, Watch",1446.15,02/09/2023 03:23:49
505,emilydavis7890@example.com,"Sneakers, Jeans",268.49,03/10/2023 09:32:31
506,stephaniebrown5678@gmail.com,T-shirt,318.64,02/06/2022 01:37:42
507,emilydavis7890@example.com,"Jacket, Sneakers, Watch, Jeans",609.46,01/03/2022 17:02:50
508,ericmorris1234@example.com,Watch,273.04,11/27/2022 05:18:32
509,johndoe1234@example.com,"Watch, T-shirt",486.61,02/13/2022 18:27:15
510,johndoe1234@example.com,"T-shirt, Sneakers, Jacket, Watch",979.62,01/31/2023 16:59:40
511,amybrown7890@outlook.com,"T-shirt, Jeans, Sneakers",520.25,02/27/2022 15:12:49
512,patricktaylor1357@yahoo.com,T-shirt,148.07,10/21/2022 13:18:16
513,amybrown7890@outlook.com,Sneakers,296.53,03/09/2022 08:10:00
514,stephaniebrown5678@gmail.com,"Jeans, Watch, Jacket",183.28,03/14/2022 23:46:42
515,katewilliams7890@outlook.com,Sneakers,110.12,03/04/2022 06:34:51
516,stephaniebrown5678@gmail.com,"Jeans, Sneakers",566.28,03/04/2022 12:05:22
517,john@example.com,"Watch, Sneakers, T-shirt",980.77,10/19/2022 13:41:13
518,bob@example.com,T-shirt,288.81,03/14/2022 08:03:41
519,johndoe1234@example.com,"Jacket, Jeans, T-shirt, Watch, Sneakers",1006.7300000000001,07/07/2022 22:03:49
520,rachelgray7890@yahoo.com,"Jacket, Watch, Sneakers, T-shirt, Jeans",1249.92,03/02/2022 22:01:46
521,matthewjackson5678@hotmail.com,"Watch, T-shirt, Jeans",619.13,03/11/2023 00:36:24
522,jenniferwhite1234@gmail.com,"Jacket, Watch, Sneakers",616.54,05/21/2022 00:53:18
523,chrisgreen2468@outlook.com,"T-shirt, Jacket, Jeans, Watch",1168.27,05/28/2022 14:13:24
524,john@example.com,"Watch, Sneakers, Jeans",548.66,02/09/2022 18:30:46
525,sarahjones5678@gmail.com,Sneakers,473.37,10/01/2022 00:04:56
526,matthewjackson5678@hotmail.com,"Jacket, T-shirt",482.8,02/05/2022 21:01:07
527,jenniferwhite1234@gmail.com,Watch,170.05,08/03/2022 12:09:16
528,stephaniebrown5678@gmail.com,"Watch, T-shirt, Sneakers, Jacket",1662.73,03/30/2022 08:57:22
529,andrewbrown2468@outlook.com,"Watch, Sneakers",530.76,06/14/2022 11:04:50
530,adamjohnson2468@yahoo.com,"Sneakers, Jacket, T-shirt, Watch",779.72,10/01/2022 01:52:16
531,katewilliams7890@outlook.com,Watch,412.97,03/21/2022 01:38:39
532,jenniferwhite1234@gmail.com,"Jacket, Sneakers, Jeans, T-shirt",10000,03/24/2022 14:13:56
533,katewilliams7890@outlook.com,"Sneakers, Jeans, Watch, T-shirt",1648.2700000000002,03/20/2022 05:12:07
534,jessicasmith5678@gmail.com,Jacket,33.5,12/04/2022 17:16:25
535,chrisgreen2468@outlook.com,"T-shirt, Jacket, Sneakers, Watch",932.93,10/10/2022 18:38:46
536,katewilliams7890@outlook.com,"Sneakers, T-shirt, Jeans, Jacket",1120.18,11/17/2022 12:52:48
537,katewilliams7890@outlook.com,"Jeans, T-shirt, Watch, Jacket",875.93,04/02/2022 09:17:49
538,amybrown7890@outlook.com,"Watch, Sneakers, Jacket, T-shirt",788.6700000000001,01/31/2023 04:02:15
539,johndoe1234@example.com,"Jeans, Jacket, Watch, T-shirt",880.05,04/30/2022 11:43:13
540,jane@example.com,T-shirt,329.24,01/03/2023 15:45:39
541,jenniferwhite1234@gmail.com,"T-shirt, Watch, Jeans, Sneakers, Jacket",1657.18,06/17/2022 04:09:37
542,emilydavis7890@example.com,"Watch, T-shirt, Jeans, Jacket, Sneakers",711.34,09/15/2022 16:09:51
543,adamjohnson2468@yahoo.com,"T-shirt, Jacket",394.29999999999995,01/10/2022 20:21:50
544,brianwilson4321@hotmail.com,"Jacket, Sneakers, Jeans",745.8000000000001,11/28/2022 23:37:01
545,ericmorris1234@example.com,T-shirt,167.45,02/02/2022 16:27:33
546,laurawilson7890@example.com,"T-shirt, Jacket, Sneakers",815.66,02/08/2022 06:35:26
547,andrewbrown2468@outlook.com,"Jeans, Sneakers, Jacket, Watch",726.36,06/11/2022 22:24:00
548,davidlee2468@yahoo.com,"Jacket, Sneakers, Jeans, T-shirt",1162.6799999999998,05/11/2022 20:21:38
549,chrisgreen2468@outlook.com,"Jeans, Sneakers, Watch, Jacket, T-shirt",1121.1499999999999,12/06/2022 09:22:00
550,nickjones2468@outlook.com,"Jacket, Jeans, Sneakers",592.19,03/10/2023 00:02:23
551,laurensmith1357@gmail.com,"Jacket, Jeans, T-shirt",417.82,06/26/2022 19:01:56
552,amybrown7890@outlook.com,"T-shirt, Jacket, Jeans",887.29,07/23/2022 14:55:07
553,stephaniebrown5678@gmail.com,"T-shirt, Jacket, Jeans",466.67999999999995,07/21/2022 10:01:35
554,patricktaylor1357@yahoo.com,Jeans,258.0,02/16/2022 04:20:41
555,chrisgreen2468@outlook.com,"Jacket, Sneakers, T-shirt",1056.75,12/04/2022 15:05:26
556,john@example.com,Jeans,443.98,06/06/2022 00:59:24
557,jenniferwhite1234@gmail.com,"Sneakers, Jeans, T-shirt, Watch, Jacket",1847.1000000000001,01/2022/01 01:00:00
558,nickjones2468@outlook.com,"T-shirt, Watch, Jeans, Sneakers",1402.24,11/22/2022 19:49:19
559,nickjones2468@outlook.com,"Jeans, Jacket, T-shirt",772.4,02/03/2023 22:52:58
560,stephaniebrown5678@gmail.com,T-shirt,403.23,03/17/2022 04:25:21
561,adamjohnson2468@yahoo.com,"Sneakers, Watch, Jacket, Jeans",986.91,12/29/2022 01:25:46
562,ericmorris1234@example.com,"Jeans, Sneakers, Jacket",693.44,05/24/2022 21:22:00
563,laurawilson7890@example.com,"T-shirt, Jeans, Watch, Jacket",440.46000000000004,04/30/2022 12:32:22
564,jane@example.com,"Jeans, Watch, Sneakers, Jacket",1547.38,09/25/2022 00:10:17
565,jessicasmith5678@gmail.com,"T-shirt, Watch",711.56,11/11/2022 20:42:23
566,amybrown7890@outlook.com,Jeans,230.3,01/2022/01 01:00:00
567,johndoe1234@example.com,"Jeans, Jacket, Watch, Sneakers",890.22,02/06/2023 02:53:43
568,chrisgreen2468@outlook.com,"T-shirt, Watch",427.3,06/14/2022 12:24:47
569,davidlee2468@yahoo.com,Sneakers,53.67,03/15/2023 20:17:31
570,amybrown7890@outlook.com,"Watch, Sneakers, T-shirt, Jacket",1481.5,03/16/2022 22:28:49
571,ericmorris1234@example.com,T-shirt,111.89,11/09/2022 14:14:19
572,nickjones2468@outlook.com,"T-shirt, Watch, Jeans, Jacket",1061.77,01/05/2022 02:37:03
573,bob@example.com,Watch,323.44,04/29/2022 10:06:37
574,matthewjackson5678@hotmail.com,"Sneakers, Watch, Jacket, T-shirt, Jeans",2016.09,12/14/2022 02:59:18
575,jessicasmith5678@gmail.com,"Sneakers, Jacket, T-shirt",10000,04/23/2022 08:31:35
576,jenniferwhite1234@gmail.com,"Jacket, Jeans, Watch",308.36,01/24/2022 19:09:13
577,jessicasmith5678@gmail.com,"Sneakers, Watch, T-shirt, Jacket",1098.1,06/12/2022 18:40:34
578,adamjohnson2468@yahoo.com,"Watch, Jeans, Jacket, T-shirt, Sneakers",1608.81,04/10/2022 16:52:15
579,chrisgreen2468@outlook.com,Sneakers,446.66,10/17/2022 08:09:12
580,andrewbrown2468@outlook.com,"T-shirt, Jeans",791.9300000000001,07/31/2022 13:05:50
581,jessicasmith5678@gmail.com,"Jeans, Jacket, Sneakers",581.5799999999999,07/12/2022 10:43:55
582,jenniferwhite1234@gmail.com,"Jeans, Jacket",463.92999999999995,04/02/2022 17:27:04
583,ericmorris1234@example.com,"Sneakers, Jeans",554.07,02/17/2022 19:37:21
584,andrewbrown2468@outlook.com,"Jeans, Sneakers, T-shirt, Watch",866.13,06/12/2022 12:35:52
585,brianwilson4321@hotmail.com,"Sneakers, Watch, Jacket",931.64,02/18/2022 12:11:39
586,bob@example.com,T-shirt,308.11,08/23/2022 20:22:52
587,laurawilson7890@example.com,"Sneakers, Jacket",415.77,06/26/2022 10:15:33
588,jenniferwhite1234@gmail.com,"T-shirt, Jeans, Watch, Sneakers, Jacket",895.92,08/26/2022 12:52:50
589,john@example.com,Sneakers,69.0,07/29/2022 20:40:42
35,laurensmith1357@gmail.com,Jeans,260.54,11/20/2022 05:48:03
591,ericmorris1234@example.com,"T-shirt, Sneakers",460.53999999999996,07/12/2022 16:18:34
592,matthewjackson5678@hotmail.com,"Watch, Jeans, Jacket, Sneakers, T-shirt",1610.3000000000002,12/27/2022 08:32:42
593,jenniferwhite1234@gmail.com,"Jacket, Jeans",686.48,06/17/2022 01:26:27
594,jane@example.com,"Jacket, T-shirt, Jeans, Watch",1135.77,08/21/2022 17:21:54
595,adamjohnson2468@yahoo.com,"Jacket, Sneakers, T-shirt, Jeans, Watch",1598.8500000000001,06/13/2022 23:26:42
596,jenniferwhite1234@gmail.com,"T-shirt, Jacket",505.77,01/25/2023 09:51:02
597,emilydavis7890@example.com,"Jacket, Watch",621.98,06/15/2022 00:24:03
598,jenniferwhite1234@gmail.com,"Jacket, Sneakers, T-shirt",442.84,09/22/2022 08:37:21
599,john@example.com,"Watch, Jeans, T-shirt, Jacket",414.64000000000004,09/10/2022 04:21:15
600,patricktaylor1357@yahoo.com,"T-shirt, Jacket, Jeans, Sneakers, Watch",1724.71,02/04/2023 20:05:04
601,jessicasmith5678@gmail.com,"Watch, Jeans, Sneakers, T-shirt",1140.9,02/04/2022 20:43:09
602,john@example.com,"Watch, Sneakers",527.8100000000001,09/01/2022 00:56:49
603,,"Watch, Jeans",724.38,07/07/2022 14:18:57
604,matthewjackson5678@hotmail.com,"T-shirt, Sneakers",509.25,03/13/2022 04:58:53
605,patricktaylor1357@yahoo.com,,128.26,03/26/2022 08:35:24
606,laurawilson7890@example.com,"Sneakers, T-shirt, Watch, Jacket, Jeans",1587.0100000000002,11/30/2022 11:55:28
607,emilydavis7890@example.com,"Watch, T-shirt, Jeans, Jacket, Sneakers",1482.8300000000002,01/07/2023 00:46:43
608,sarahjones5678@gmail.com,"Sneakers, Jacket, T-shirt, Watch, Jeans",1012.8000000000001,05/03/2022 12:31:50
609,nickjones2468@outlook.com,"T-shirt, Sneakers, Watch, Jeans",768.0399999999998,10/09/2022 13:56:27
610,rachelgray7890@yahoo.com,"Jacket, Sneakers",716.48,03/13/2022 22:22:07
611,andrewbrown2468@outlook.com,"Watch, Sneakers",10000,09/23/2022 22:05:56
612,amybrown7890@outlook.com,Jeans,239.17,02/03/2022 06:49:31
613,nickjones2468@outlook.com,"Jeans, Sneakers",317.6,10/30/2022 16:30:07
614,nickjones2468@outlook.com,Sneakers,415.13,12/30/2022 23:26:46
960,johndoe1234@example.com,"T-shirt, Sneakers, Jacket, Jeans, Watch",1281.2,03/08/2022 16:48:57
616,amybrown7890@outlook.com,"Sneakers, Jeans",552.3199999999999,01/14/2022 15:12:09
617,davidlee2468@yahoo.com,"Jacket, Jeans, Sneakers",1060.8400000000001,01/04/2023 09:24:50
618,katewilliams7890@outlook.com,"T-shirt, Sneakers, Jacket, Jeans, Watch",931.1899999999998,06/08/2022 11:47:05
619,laurensmith1357@gmail.com,"Jacket, Watch",428.53,09/02/2022 06:40:35
620,jenniferwhite1234@gmail.com,"Watch, Jacket, Jeans, Sneakers",1060.56,10/16/2022 10:14:26
621,sarahjones5678@gmail.com,"Sneakers, Jeans, T-shirt, Jacket, Watch",1180.8600000000001,06/16/2022 21:14:45
622,davidlee2468@yahoo.com,"T-shirt, Jeans, Watch, Jacket",1091.44,07/30/2022 14:37:14
623,john@example.com,"Jacket, T-shirt, Jeans, Watch, Sneakers",611.58,12/17/2022 12:24:02
624,jenniferwhite1234@gmail.com,"Sneakers, Jacket, T-shirt, Jeans, Watch",1280.8700000000001,05/12/2022 04:24:42
625,andrewbrown2468@outlook.com,T-shirt,106.9,09/01/2022 06:16:25
626,chrisgreen2468@outlook.com,T-shirt,33.97,03/05/2022 14:23:02
627,emilydavis7890@example.com,"Watch, Jeans",443.37,10/02/2022 13:02:24
628,rachelgray7890@yahoo.com,"Jeans, Sneakers, Watch",708.85,01/26/2022 08:09:05
629,adamjohnson2468@yahoo.com,T-shirt,491.47,08/11/2022 23:47:21
630,katewilliams7890@outlook.com,"Sneakers, T-shirt, Watch",1073.89,06/30/2022 19:15:07
631,nickjones2468@outlook.com,"Jeans, Jacket, Watch, T-shirt, Sneakers",780.96,08/22/2022 17:05:35
632,nickjones2468@outlook.com,,836.74,11/05/2022 06:12:19
633,emilydavis7890@example.com,"Watch, T-shirt, Sneakers, Jeans",891.75,12/16/2022 22:04:35
634,nickjones2468@outlook.com,"T-shirt, Jacket, Watch",760.2099999999999,03/26/2022 00:47:33
635,adamjohnson2468@yahoo.com,"Jacket, T-shirt",266.95,09/27/2022 01:39:17
636,katewilliams7890@outlook.com,"Watch, Sneakers",361.23,03/05/2022 01:41:58
637,sarahjones5678@gmail.com,"Sneakers, Watch, Jacket, Jeans",1070.33,03/08/2022 16:55:09
638,nickjones2468@outlook.com,"Jacket, Watch, Sneakers, T-shirt, Jeans",1270.5,05/07/2022 15:35:40
639,ericmorris1234@example.com,Sneakers,364.91,11/03/2022 08:29:49
640,ericmorris1234@example.com,"Sneakers, Jacket, Jeans, T-shirt, Watch",1155.45,02/07/2022 04:28:09
641,jessicasmith5678@gmail.com,"Sneakers, Jacket, T-shirt, Jeans, Watch",1638.0,02/02/2023 06:02:02
642,stephaniebrown5678@gmail.com,"Jacket, T-shirt, Sneakers",688.11,01/13/2022 10:06:45
643,jessicasmith5678@gmail.com,"Jeans, T-shirt, Jacket, Sneakers",790.3800000000001,08/25/2022 06:01:09
644,matthewjackson5678@hotmail.com,"Watch, Sneakers",603.44,01/2022/01 01:00:00
645,brianwilson4321@hotmail.com,"Jacket, Sneakers, T-shirt, Watch, Jeans",1290.5500000000002,04/19/2022 05:07:52
646,jessicasmith5678@gmail.com,Sneakers,329.98,10/12/2022 12:25:22
647,johndoe1234@example.com,"Jeans, T-shirt, Jacket",985.5500000000001,10/28/2022 07:55:50
648,ericmorris1234@example.com,Watch,493.8,01/06/2023 07:32:11
649,john@example.com,"Jeans, Jacket, Sneakers",969.4200000000001,11/16/2022 19:29:02
650,chrisgreen2468@outlook.com,Watch,329.28,03/10/2023 21:12:11
651,laurawilson7890@example.com,"Jeans, Jacket, Sneakers, T-shirt",562.68,09/28/2022 16:43:37
652,andrewbrown2468@outlook.com,"Watch, T-shirt, Jacket, Jeans",819.52,03/03/2022 23:40:51
653,rachelgray7890@yahoo.com,"Watch, Sneakers",251.17,04/16/2022 15:36:37
654,bob@example.com,"Watch, Jacket, Sneakers",404.53999999999996,06/20/2022 00:08:58
655,jessicasmith5678@gmail.com,"Jacket, Jeans",874.9300000000001,06/10/2022 22:34:31
656,adamjohnson2468@yahoo.com,"Watch, Jacket, Sneakers",734.72,06/18/2022 01:04:42
657,laurensmith1357@gmail.com,Jacket,284.78,02/14/2022 12:03:57
658,katewilliams7890@outlook.com,"Watch, Sneakers, Jeans, Jacket",1541.84,12/26/2022 17:12:50
659,katewilliams7890@outlook.com,"T-shirt, Sneakers",881.8,03/10/2023 18:12:08
660,laurawilson7890@example.com,"T-shirt, Sneakers",396.0,08/04/2022 04:20:23
661,brianwilson4321@hotmail.com,"Watch, Sneakers, Jacket, Jeans",1236.42,04/07/2022 15:30:36
662,matthewjackson5678@hotmail.com,"Jeans, T-shirt, Jacket, Watch",1211.9299999999998,05/04/2022 10:40:13
663,johndoe1234@example.com,"Sneakers, Jacket, Jeans, Watch, T-shirt",1061.3,02/11/2022 19:18:43
664,adamjohnson2468@yahoo.com,"Jeans, Sneakers, Watch, Jacket",657.2,02/06/2022 09:59:26
665,laurawilson7890@example.com,Sneakers,255.72,03/09/2023 20:15:54
666,adamjohnson2468@yahoo.com,"T-shirt, Watch",211.86,12/05/2022 11:56:57
667,adamjohnson2468@yahoo.com,"Jeans, T-shirt, Sneakers",701.1,06/20/2022 05:55:45
668,chrisgreen2468@outlook.com,"Sneakers, Watch, Jeans",467.28999999999996,10/09/2022 07:37:38
669,amybrown7890@outlook.com,"Watch, T-shirt, Sneakers, Jacket",1125.32,02/06/2023 09:58:26
670,sarahjones5678@gmail.com,"T-shirt, Jacket, Sneakers, Watch",846.8,01/29/2023 10:16:05
671,emilydavis7890@example.com,Sneakers,177.53,10/28/2022 10:33:21
672,stephaniebrown5678@gmail.com,Jacket,39.4,07/19/2022 08:47:06
673,stephaniebrown5678@gmail.com,"Sneakers, Watch, T-shirt, Jeans, Jacket",1320.79,12/25/2022 15:41:49
674,brianwilson4321@hotmail.com,"T-shirt, Jeans, Watch, Sneakers, Jacket",1308.2600000000002,03/12/2022 17:20:54
675,andrewbrown2468@outlook.com,"Watch, Sneakers, Jacket, Jeans, T-shirt",1367.5700000000002,08/10/2022 02:32:34
676,laurawilson7890@example.com,"Sneakers, Jacket, T-shirt, Jeans",785.4,02/27/2023 11:06:29
677,john@example.com,"T-shirt, Sneakers",259.83000000000004,02/22/2023 17:15:04
678,stephaniebrown5678@gmail.com,"T-shirt, Jacket, Jeans, Sneakers",1232.48,10/27/2022 04:39:12
679,stephaniebrown5678@gmail.com,"Sneakers, Jeans, Watch, T-shirt, Jacket",1058.13,04/01/2022 00:46:06
680,laurawilson7890@example.com,"Jeans, Jacket, Sneakers",560.37,05/16/2022 09:28:59
681,john@example.com,"T-shirt, Jacket",609.9300000000001,12/01/2022 20:31:37
682,brianwilson4321@hotmail.com,"Sneakers, T-shirt, Jeans, Jacket, Watch",1627.96,09/04/2022 01:42:09
683,jenniferwhite1234@gmail.com,Jacket,18.69,06/15/2022 19:45:36
684,,"Sneakers, Jacket, Jeans",903.99,07/17/2022 13:39:24
685,emilydavis7890@example.com,"Jacket, Jeans, Watch, T-shirt",723.9100000000001,05/07/2022 12:30:46
686,john@example.com,"Watch, Jacket, Jeans, Sneakers, T-shirt",1008.3,01/16/2023 06:09:39
687,jane@example.com,"T-shirt, Watch, Jeans",507.03999999999996,07/02/2022 19:46:19
688,katewilliams7890@outlook.com,"Jeans, T-shirt, Sneakers, Jacket, Watch",1338.47,07/18/2022 16:52:19
689,patricktaylor1357@yahoo.com,"Jacket, Watch",635.4000000000001,11/22/2022 15:27:03
690,john@example.com,"T-shirt, Jacket, Sneakers, Watch, Jeans",849.0,11/14/2022 05:19:42
691,andrewbrown2468@outlook.com,"Sneakers, T-shirt, Watch, Jacket, Jeans",1128.46,10/04/2022 09:27:05
692,davidlee2468@yahoo.com,"T-shirt, Jacket, Jeans",970.42,12/24/2022 20:24:24
693,bob@example.com,"Jacket, T-shirt, Sneakers",674.65,09/19/2022 20:18:22
694,bob@example.com,"T-shirt, Jeans, Jacket, Watch, Sneakers",472.58,09/23/2022 05:58:22
695,,"T-shirt, Sneakers, Jacket",931.27,06/16/2022 06:31:16
696,amybrown7890@outlook.com,Sneakers,227.1,12/19/2022 20:35:30
697,jessicasmith5678@gmail.com,"Sneakers, T-shirt",670.67,03/31/2022 08:51:31
698,jane@example.com,"Jacket, Watch, T-shirt, Jeans, Sneakers",755.18,07/18/2022 10:47:55
699,laurensmith1357@gmail.com,,455.14,10/16/2022 19:38:04
700,sarahjones5678@gmail.com,"Jeans, T-shirt",422.31,12/18/2022 21:48:04
701,katewilliams7890@outlook.com,T-shirt,407.61,01/07/2023 21:18:44
702,emilydavis7890@example.com,"Jeans, Jacket",443.59000000000003,03/06/2023 15:19:41
703,jane@example.com,"Watch, Sneakers, Jacket",1032.08,01/10/2022 15:10:09
704,brianwilson4321@hotmail.com,"Jeans, T-shirt",163.92000000000002,04/01/2022 15:17:09
705,patricktaylor1357@yahoo.com,"Watch, Jeans, Sneakers",744.68,02/04/2023 10:13:41
706,johndoe1234@example.com,"Watch, T-shirt, Jeans",202.47,03/20/2022 05:34:58
707,andrewbrown2468@outlook.com,"Jeans, Watch, T-shirt",975.8,05/13/2022 13:46:03
708,emilydavis7890@example.com,"Sneakers, Jeans",347.51000000000005,04/18/2022 14:07:47
709,brianwilson4321@hotmail.com,"Sneakers, Jeans",429.54,04/22/2022 00:16:03
710,rachelgray7890@yahoo.com,Jeans,462.26,02/03/2022 05:45:54
711,davidlee2468@yahoo.com,"T-shirt, Jeans",880.0,04/10/2022 11:58:29
712,laurawilson7890@example.com,"Watch, Jeans, Jacket",723.38,07/06/2022 06:12:36
713,davidlee2468@yahoo.com,Watch,294.92,09/20/2022 10:11:27
611,stephaniebrown5678@gmail.com,"Jeans, Watch, Sneakers, T-shirt",1125.4299999999998,08/20/2022 14:24:05
715,jessicasmith5678@gmail.com,Jacket,451.46,05/09/2022 16:39:51
716,chrisgreen2468@outlook.com,"Jeans, T-shirt",226.3,01/20/2022 12:13:08
717,katewilliams7890@outlook.com,Jacket,408.85,09/25/2022 02:05:01
718,katewilliams7890@outlook.com,"Jeans, Jacket, Sneakers, Watch, T-shirt",1343.32,01/09/2023 20:14:28
719,stephaniebrown5678@gmail.com,"Jeans, Watch, T-shirt, Sneakers, Jacket",1529.52,09/06/2022 05:57:27
720,jessicasmith5678@gmail.com,"Jeans, Sneakers, Watch, Jacket, T-shirt",979.82,01/12/2022 02:08:10
721,amybrown7890@outlook.com,"Jeans, Jacket, T-shirt, Watch, Sneakers",1455.3799999999999,03/26/2022 03:31:19
722,adamjohnson2468@yahoo.com,T-shirt,397.4,10/29/2022 15:09:29
723,adamjohnson2468@yahoo.com,"Sneakers, Jeans, T-shirt, Watch",551.2900000000001,05/18/2022 09:36:02
724,jessicasmith5678@gmail.com,"Sneakers, Jacket, T-shirt",694.38,07/22/2022 14:46:27
725,laurawilson7890@example.com,"T-shirt, Sneakers, Jacket, Jeans, Watch",1422.07,09/22/2022 02:43:32
726,brianwilson4321@hotmail.com,"Jacket, T-shirt",872.75,09/22/2022 13:51:37
727,jane@example.com,"Sneakers, Jeans",611.5,12/20/2022 14:13:18
728,rachelgray7890@yahoo.com,"Watch, Jacket, Jeans, T-shirt",816.0799999999999,08/24/2022 06:50:55
729,jane@example.com,Sneakers,454.01,10/03/2022 09:58:53
730,rachelgray7890@yahoo.com,"Jacket, T-shirt, Jeans, Sneakers, Watch",1117.06,05/04/2022 04:00:54
731,matthewjackson5678@hotmail.com,Sneakers,348.38,07/11/2022 10:07:13
732,johndoe1234@example.com,"Sneakers, Watch",815.5699999999999,10/13/2022 10:31:52
733,jenniferwhite1234@gmail.com,"Jacket, T-shirt, Watch, Jeans, Sneakers",1635.07,08/05/2022 15:30:26
734,jane@example.com,"Watch, T-shirt, Sneakers",546.4200000000001,11/14/2022 01:15:19
735,amybrown7890@outlook.com,"Jacket, Sneakers, Jeans",782.5000000000001,09/02/2022 14:23:27
736,nickjones2468@outlook.com,"Jeans, Sneakers, T-shirt, Jacket, Watch",1083.73,02/16/2022 23:24:48
737,johndoe1234@example.com,"Jacket, Sneakers, T-shirt, Watch, Jeans",1313.8500000000001,12/20/2022 05:14:56
738,katewilliams7890@outlook.com,"T-shirt, Sneakers, Jacket, Watch, Jeans",1452.14,07/19/2022 17:14:32
739,emilydavis7890@example.com,"T-shirt, Watch, Jacket, Sneakers",826.7,05/04/2022 21:35:06
740,brianwilson4321@hotmail.com,Sneakers,63.01,10/29/2022 19:42:32
741,jessicasmith5678@gmail.com,"Watch, Jacket, Jeans, T-shirt, Sneakers",1213.07,01/01/2022 04:27:35
742,jane@example.com,"Jeans, T-shirt",855.53,12/09/2022 01:44:04
743,andrewbrown2468@outlook.com,Jacket,380.66,02/11/2022 11:21:05
744,john@example.com,"T-shirt, Jacket, Watch",457.47,01/2022/01 01:00:00
745,amybrown7890@outlook.com,"T-shirt, Sneakers, Jacket, Watch, Jeans",1659.81,09/02/2022 03:49:00
746,ericmorris1234@example.com,"T-shirt, Watch, Jeans, Sneakers, Jacket",1156.1100000000001,07/10/2022 08:15:12
747,john@example.com,"Watch, T-shirt, Jacket",918.45,02/21/2023 11:26:44
748,patricktaylor1357@yahoo.com,"T-shirt, Jacket",373.87,01/20/2022 11:11:27
749,davidlee2468@yahoo.com,"Watch, T-shirt, Jacket, Jeans, Sneakers",1612.1599999999999,03/15/2023 09:46:45
750,laurensmith1357@gmail.com,"T-shirt, Watch",635.48,02/11/2022 19:23:24
751,johndoe1234@example.com,"Jacket, Sneakers, Watch",1024.5,10/15/2022 04:32:46
752,patricktaylor1357@yahoo.com,"T-shirt, Watch",423.74,08/06/2022 17:29:32
753,johndoe1234@example.com,"Sneakers, Jeans, T-shirt, Watch",482.63,10/30/2022 17:38:06
754,adamjohnson2468@yahoo.com,"Watch, Sneakers, Jeans, Jacket, T-shirt",740.11,12/30/2022 20:17:14
755,rachelgray7890@yahoo.com,"Jacket, Sneakers, T-shirt, Jeans, Watch",784.98,09/18/2022 09:07:18
756,laurawilson7890@example.com,"Sneakers, T-shirt, Jacket, Jeans, Watch",1766.17,05/04/2022 17:00:24
757,sarahjones5678@gmail.com,"Jeans, Sneakers, Jacket",637.77,09/15/2022 16:29:03
758,jane@example.com,"Jeans, Sneakers",268.45,12/04/2022 22:58:27
759,nickjones2468@outlook.com,"T-shirt, Watch, Sneakers, Jeans",1448.07,01/20/2023 01:42:13
760,ericmorris1234@example.com,Watch,307.74,02/24/2023 00:08:58
761,jane@example.com,"Watch, Jeans, Jacket",1021.27,01/2022/01 01:00:00
762,laurensmith1357@gmail.com,"Sneakers, Jeans, T-shirt",1244.09,11/19/2022 09:13:53
763,,"Sneakers, Jacket, T-shirt, Jeans, Watch",1084.71,11/17/2022 05:28:20
764,johndoe1234@example.com,"Watch, Sneakers, Jacket, T-shirt, Jeans",938.89,07/02/2022 04:25:35
765,davidlee2468@yahoo.com,Watch,123.74,01/2022/01 01:00:00
766,sarahjones5678@gmail.com,"Jacket, T-shirt, Sneakers",358.22,03/04/2022 16:15:51
767,stephaniebrown5678@gmail.com,"Watch, T-shirt, Sneakers",817.07,08/28/2022 14:37:50
768,matthewjackson5678@hotmail.com,"Watch, T-shirt, Jacket, Jeans, Sneakers",1859.32,08/01/2022 05:12:29
769,emilydavis7890@example.com,"Sneakers, Jeans",677.46,03/29/2022 06:58:26
770,davidlee2468@yahoo.com,"Jeans, Watch, Jacket, T-shirt, Sneakers",1543.22,01/24/2023 17:35:11
771,rachelgray7890@yahoo.com,"Jacket, T-shirt, Sneakers",727.99,12/30/2022 12:15:33
772,emilydavis7890@example.com,"T-shirt, Jacket",707.84,01/21/2023 15:08:39
773,bob@example.com,Jeans,308.08,04/18/2022 20:44:01
774,andrewbrown2468@outlook.com,"Sneakers, Jeans, Watch",411.09,06/17/2022 21:43:55
775,nickjones2468@outlook.com,"Sneakers, Jacket, Watch, Jeans",902.9200000000001,03/10/2023 20:42:28
776,chrisgreen2468@outlook.com,"Watch, Jacket, T-shirt, Sneakers, Jeans",1414.19,05/04/2022 08:57:21
777,laurawilson7890@example.com,"Watch, T-shirt, Jeans, Sneakers",854.8199999999999,06/13/2022 13:36:47
778,amybrown7890@outlook.com,"T-shirt, Watch, Jacket, Jeans",1366.6299999999999,06/20/2022 07:18:36
779,rachelgray7890@yahoo.com,"Jeans, Sneakers, T-shirt, Jacket, Watch",837.13,03/12/2023 14:35:39
780,rachelgray7890@yahoo.com,"T-shirt, Watch, Jeans, Sneakers",646.83,05/26/2022 17:27:55
781,jessicasmith5678@gmail.com,"T-shirt, Jeans",677.11,03/18/2022 10:06:38
782,adamjohnson2468@yahoo.com,"Sneakers, T-shirt, Jeans",703.98,01/14/2022 20:49:33
783,sarahjones5678@gmail.com,"Jeans, T-shirt, Jacket, Sneakers",763.02,11/18/2022 06:34:49
784,emilydavis7890@example.com,"T-shirt, Watch",518.12,12/06/2022 10:38:31
785,stephaniebrown5678@gmail.com,"T-shirt, Watch, Jacket, Sneakers",933.78,05/14/2022 14:18:38
786,amybrown7890@outlook.com,"Jeans, Jacket, Watch, Sneakers, T-shirt",724.88,11/10/2022 09:20:45
787,ericmorris1234@example.com,Watch,266.45,06/06/2022 11:20:05
788,emilydavis7890@example.com,Jeans,368.69,02/06/2022 22:24:25
789,amybrown7890@outlook.com,"Sneakers, Watch, Jeans",944.3199999999999,09/02/2022 01:43:50
790,davidlee2468@yahoo.com,"T-shirt, Jacket, Jeans, Watch, Sneakers",813.6,01/10/2022 21:55:42
791,bob@example.com,Sneakers,42.02,06/27/2022 01:47:48
792,patricktaylor1357@yahoo.com,"T-shirt, Jeans, Sneakers",610.14,01/30/2023 10:05:24
793,sarahjones5678@gmail.com,"Jacket, Sneakers, T-shirt, Watch",949.48,01/31/2022 21:06:56
794,jessicasmith5678@gmail.com,"T-shirt, Jacket, Sneakers, Jeans",971.75,02/03/2023 14:52:32
795,matthewjackson5678@hotmail.com,Jacket,284.4,06/17/2022 16:24:59
796,jenniferwhite1234@gmail.com,"Watch, Sneakers",225.29000000000002,06/05/2022 18:03:49
797,brianwilson4321@hotmail.com,"Watch, T-shirt, Jeans",426.5,05/23/2022 00:35:18
798,patricktaylor1357@yahoo.com,"Jacket, T-shirt, Sneakers, Jeans, Watch",1956.8200000000002,07/03/2022 05:35:12
799,emilydavis7890@example.com,"Sneakers, Jeans, Watch, T-shirt",791.69,04/18/2022 09:48:35
800,bob@example.com,Jacket,471.66,11/28/2022 04:05:09
801,katewilliams7890@outlook.com,"Jeans, Watch, Jacket, Sneakers, T-shirt",1215.97,10/14/2022 07:28:15
802,bob@example.com,T-shirt,31.03,11/13/2022 13:33:00
803,brianwilson4321@hotmail.com,T-shirt,450.87,03/11/2023 06:42:45
804,nickjones2468@outlook.com,"Jeans, Sneakers, Jacket, T-shirt",767.81,01/28/2023 09:01:43
805,matthewjackson5678@hotmail.com,"Jacket, T-shirt",706.12,10/04/2022 23:16:10
806,adamjohnson2468@yahoo.com,"Jeans, Watch, Sneakers",661.45,06/16/2022 07:31:29
807,amybrown7890@outlook.com,"Jacket, Jeans",671.3299999999999,04/21/2022 04:38:00
808,adamjohnson2468@yahoo.com,"Sneakers, Watch, T-shirt, Jacket, Jeans",1476.18,01/22/2022 03:12:11
809,emilydavis7890@example.com,"Sneakers, T-shirt, Watch",741.85,01/16/2023 18:17:01
810,ericmorris1234@example.com,"T-shirt, Watch, Jeans",474.47,02/24/2022 02:44:29
811,andrewbrown2468@outlook.com,"Watch, Jacket, T-shirt",521.4200000000001,03/04/2023 00:52:09
812,jane@example.com,"T-shirt, Watch, Sneakers, Jeans",691.43,08/22/2022 02:56:28
813,amybrown7890@outlook.com,"Jeans, Watch, T-shirt, Sneakers",760.49,07/03/2022 13:55:25
814,stephaniebrown5678@gmail.com,"Jacket, Jeans",181.45,06/13/2022 14:51:07
815,katewilliams7890@outlook.com,Jeans,232.84,07/21/2022 22:05:51
816,emilydavis7890@example.com,"Jeans, T-shirt, Watch",833.1400000000001,01/06/2022 05:26:15
817,matthewjackson5678@hotmail.com,"Jeans, Jacket, T-shirt, Watch",1207.4599999999998,08/10/2022 06:06:01
818,andrewbrown2468@outlook.com,"Sneakers, Jeans, Watch, Jacket",886.9200000000001,10/31/2022 03:59:51
819,stephaniebrown5678@gmail.com,Jacket,429.57,12/24/2022 09:56:47
820,patricktaylor1357@yahoo.com,"Jacket, Watch, T-shirt, Sneakers, Jeans",1505.8400000000001,03/19/2022 19:45:25
821,matthewjackson5678@hotmail.com,"Jacket, T-shirt",796.45,02/19/2023 07:16:24
822,stephaniebrown5678@gmail.com,"Watch, Jacket, Sneakers, Jeans, T-shirt",1252.79,06/16/2022 03:27:53
823,laurawilson7890@example.com,Jeans,97.18,04/27/2022 21:59:48
824,chrisgreen2468@outlook.com,,1053.83,04/16/2022 10:57:06
825,laurawilson7890@example.com,"Jacket, T-shirt, Sneakers, Watch, Jeans",735.38,01/16/2023 06:07:46
826,adamjohnson2468@yahoo.com,Jacket,168.14,03/15/2023 02:13:29
827,emilydavis7890@example.com,"Sneakers, Jacket",858.75,03/21/2022 16:52:13
828,andrewbrown2468@outlook.com,Jeans,152.09,09/29/2022 15:36:44
829,laurawilson7890@example.com,,23.47,01/2022/01 01:00:00
830,katewilliams7890@outlook.com,"Jacket, Sneakers, Jeans",1212.24,11/30/2022 01:01:24
831,katewilliams7890@outlook.com,"Jeans, Jacket, Watch, Sneakers",340.63,07/24/2022 08:33:38
832,katewilliams7890@outlook.com,"Jacket, Sneakers",543.4499999999999,10/23/2022 02:31:26
833,matthewjackson5678@hotmail.com,"Sneakers, T-shirt, Jacket",539.94,04/05/2022 10:59:03
834,davidlee2468@yahoo.com,"Jeans, Jacket, Watch",618.11,09/01/2022 23:42:55
835,sarahjones5678@gmail.com,"T-shirt, Sneakers",750.0999999999999,06/29/2022 12:47:13
836,emilydavis7890@example.com,"Jeans, Sneakers",654.22,10/20/2022 08:36:35
837,stephaniebrown5678@gmail.com,Sneakers,244.71,10/23/2022 13:17:05
838,amybrown7890@outlook.com,Jeans,460.73,03/03/2022 02:33:25
839,sarahjones5678@gmail.com,"Sneakers, Jeans, T-shirt, Watch",789.62,12/30/2022 22:12:48
840,davidlee2468@yahoo.com,"Watch, Jacket, T-shirt, Sneakers, Jeans",1094.07,11/10/2022 05:41:06
841,sarahjones5678@gmail.com,Jeans,253.02,10/24/2022 09:05:12
842,johndoe1234@example.com,"Sneakers, T-shirt, Jeans, Jacket",1225.2299999999998,10/17/2022 07:32:38
843,nickjones2468@outlook.com,"Watch, Jeans, Jacket, Sneakers, T-shirt",1259.77,09/21/2022 23:59:30
844,adamjohnson2468@yahoo.com,"Watch, Jeans, T-shirt, Sneakers",1324.31,06/15/2022 20:16:56
845,john@example.com,"Jacket, Watch, Sneakers, Jeans",1078.52,10/13/2022 05:46:45
846,ericmorris1234@example.com,"Jacket, Watch, Jeans",605.0400000000001,07/05/2022 18:37:34
847,laurawilson7890@example.com,"Jacket, Jeans, Watch, Sneakers, T-shirt",1625.5500000000002,10/09/2022 08:09:18
848,rachelgray7890@yahoo.com,"Sneakers, Jeans, Jacket, Watch, T-shirt",1419.1399999999999,01/25/2022 08:09:03
849,andrewbrown2468@outlook.com,"Jeans, Sneakers, Jacket",10000,02/13/2022 10:24:19
850,nickjones2468@outlook.com,T-shirt,24.78,01/16/2023 06:12:10
851,laurensmith1357@gmail.com,"Watch, Jacket, Sneakers, T-shirt",1266.48,03/14/2022 04:13:25
852,johndoe1234@example.com,"Sneakers, Jacket, Watch, Jeans",369.75,12/04/2022 14:05:55
853,davidlee2468@yahoo.com,"Jeans, Sneakers, T-shirt, Jacket",1077.3200000000002,01/10/2022 16:38:32
854,matthewjackson5678@hotmail.com,"Watch, Jeans, T-shirt, Jacket, Sneakers",1537.7599999999998,12/09/2022 22:10:54
855,laurawilson7890@example.com,"Jeans, Watch, Sneakers, Jacket, T-shirt",1590.1399999999999,01/11/2023 07:18:21
856,ericmorris1234@example.com,"Jeans, T-shirt, Sneakers, Jacket",864.4,04/05/2022 08:18:30
857,chrisgreen2468@outlook.com,"T-shirt, Jacket, Watch, Jeans",1315.7399999999998,07/16/2022 08:29:34
858,emilydavis7890@example.com,"T-shirt, Sneakers, Jacket, Watch, Jeans",1511.58,02/01/2022 04:24:53
859,chrisgreen2468@outlook.com,"Jeans, T-shirt, Sneakers",882.25,02/18/2023 11:33:58
860,nickjones2468@outlook.com,"Jeans, T-shirt, Watch, Jacket, Sneakers",1552.19,11/01/2022 04:44:43
861,chrisgreen2468@outlook.com,"T-shirt, Jeans, Jacket",928.3900000000001,12/04/2022 18:56:56
862,nickjones2468@outlook.com,"Jeans, Watch, T-shirt",697.23,04/02/2022 09:11:47
863,andrewbrown2468@outlook.com,"Watch, Jacket, Jeans, T-shirt",828.69,05/22/2022 08:23:35
864,chrisgreen2468@outlook.com,T-shirt,165.92,01/13/2022 21:21:14
865,chrisgreen2468@outlook.com,"Jeans, T-shirt",707.45,04/29/2022 04:20:13
866,ericmorris1234@example.com,"T-shirt, Jacket, Watch, Jeans, Sneakers",1173.8400000000001,03/07/2023 18:04:15
867,andrewbrown2468@outlook.com,"Jacket, Watch, T-shirt, Jeans, Sneakers",1049.7400000000002,10/12/2022 10:17:09
868,amybrown7890@outlook.com,"T-shirt, Jeans, Jacket, Sneakers, Watch",1270.76,02/16/2022 00:31:43
869,jane@example.com,"Sneakers, Jeans, Watch",387.71000000000004,01/21/2023 14:04:50
870,nickjones2468@outlook.com,"Watch, Sneakers",468.27,08/18/2022 12:07:31
871,stephaniebrown5678@gmail.com,"Jeans, Jacket, Sneakers, Watch",1095.03,01/07/2023 09:00:39
872,jenniferwhite1234@gmail.com,"Jeans, Jacket, Watch",554.8,01/17/2023 22:27:36
873,rachelgray7890@yahoo.com,Jeans,185.38,01/11/2022 04:54:21
874,jenniferwhite1234@gmail.com,"T-shirt, Sneakers, Watch",794.46,11/28/2022 16:45:58
875,brianwilson4321@hotmail.com,"T-shirt, Watch",493.12,06/25/2022 02:48:31
876,nickjones2468@outlook.com,"Watch, Sneakers, T-shirt, Jeans, Jacket",1524.8899999999999,11/02/2022 14:34:49
877,johndoe1234@example.com,"Sneakers, T-shirt",569.81,08/01/2022 05:12:30
878,stephaniebrown5678@gmail.com,T-shirt,173.29,03/03/2023 20:28:32
879,rachelgray7890@yahoo.com,"Jacket, Sneakers",375.46000000000004,09/18/2022 02:01:20
880,katewilliams7890@outlook.com,Jacket,471.13,02/03/2023 12:53:30
881,matthewjackson5678@hotmail.com,"Jeans, T-shirt",500.21999999999997,02/24/2023 13:28:36
882,ericmorris1234@example.com,Watch,133.95,01/07/2023 01:09:03
883,stephaniebrown5678@gmail.com,T-shirt,253.83,01/31/2022 14:28:32
884,ericmorris1234@example.com,Watch,10.09,03/27/2022 12:04:07
885,laurawilson7890@example.com,"T-shirt, Watch, Jacket, Sneakers, Jeans",729.48,12/16/2022 02:46:00
886,jane@example.com,"Jeans, Watch",513.11,02/15/2023 02:08:15
887,katewilliams7890@outlook.com,"T-shirt, Jeans",389.17,03/10/2023 15:40:18
888,rachelgray7890@yahoo.com,T-shirt,130.59,10/31/2022 02:06:52
889,jane@example.com,"T-shirt, Sneakers, Watch, Jacket",1091.3899999999999,05/30/2022 06:29:58
890,rachelgray7890@yahoo.com,"Jacket, T-shirt, Jeans, Watch",1109.44,06/22/2022 10:02:01
891,johndoe1234@example.com,"Jacket, Jeans",521.23,10/23/2022 22:54:05
892,bob@example.com,"Watch, T-shirt, Jeans",1335.2399999999998,01/24/2023 21:45:18
893,jenniferwhite1234@gmail.com,Jacket,149.56,11/17/2022 03:42:40
894,andrewbrown2468@outlook.com,"Jeans, Watch, T-shirt",965.22,07/14/2022 15:22:39
895,matthewjackson5678@hotmail.com,Sneakers,302.88,01/09/2022 22:40:16
896,,Sneakers,323.06,10/06/2022 14:06:21
897,laurawilson7890@example.com,"Jeans, T-shirt, Jacket",809.6599999999999,12/01/2022 02:29:39
898,emilydavis7890@example.com,"Jacket, Watch",268.39,02/13/2023 23:53:12
899,jenniferwhite1234@gmail.com,"Jeans, T-shirt",636.91,12/20/2022 09:04:12
900,davidlee2468@yahoo.com,"Jacket, Watch, Jeans",555.12,10/25/2022 23:47:38
901,sarahjones5678@gmail.com,"Jeans, Jacket",661.3,01/05/2022 09:58:59
902,amybrown7890@outlook.com,T-shirt,221.81,09/08/2022 21:56:15
903,,"Sneakers, T-shirt, Jacket, Jeans",1226.1,06/05/2022 04:43:28
904,jane@example.com,"Jacket, T-shirt, Jeans, Sneakers",1216.28,03/13/2022 05:14:39
905,rachelgray7890@yahoo.com,"Sneakers, Watch, Jacket, T-shirt",834.58,01/16/2022 03:15:40
906,emilydavis7890@example.com,"Jacket, T-shirt, Sneakers, Jeans, Watch",1446.54,06/02/2022 22:56:06
907,amybrown7890@outlook.com,"Jacket, Jeans, Watch, T-shirt",1189.1,12/05/2022 17:43:11
908,davidlee2468@yahoo.com,"Sneakers, T-shirt, Watch, Jacket",1419.9,02/05/2023 13:25:54
909,nickjones2468@outlook.com,"Jeans, T-shirt",445.44,07/18/2022 09:42:13
910,matthewjackson5678@hotmail.com,"Jacket, Watch, T-shirt, Sneakers, Jeans",1029.78,08/04/2022 09:53:27
911,nickjones2468@outlook.com,"Watch, Sneakers, Jacket",601.04,11/29/2022 07:18:15
912,bob@example.com,"Sneakers, T-shirt, Watch",640.9399999999999,12/03/2022 18:35:44
913,chrisgreen2468@outlook.com,"T-shirt, Sneakers, Jeans, Jacket, Watch",1194.87,08/08/2022 08:48:44
914,jane@example.com,T-shirt,114.05,01/13/2022 20:40:59
915,ericmorris1234@example.com,"Jeans, Watch, Sneakers, Jacket",1101.11,06/20/2022 10:32:11
916,bob@example.com,"T-shirt, Jeans, Sneakers, Watch",1441.56,02/19/2022 17:55:15
917,matthewjackson5678@hotmail.com,"Sneakers, Jeans, Jacket, Watch",1250.4499999999998,06/19/2022 09:44:06
918,katewilliams7890@outlook.com,"T-shirt, Jeans, Sneakers, Jacket, Watch",1025.77,04/11/2022 03:59:34
919,laurawilson7890@example.com,Jacket,12.31,12/06/2022 00:58:41
920,jenniferwhite1234@gmail.com,Sneakers,86.08,01/21/2023 23:26:17
921,laurawilson7890@example.com,"T-shirt, Jacket, Jeans, Sneakers",1114.88,10/20/2022 05:21:22
922,jessicasmith5678@gmail.com,"Watch, Jacket, T-shirt, Jeans",612.65,02/07/2023 23:39:20
923,katewilliams7890@outlook.com,"Sneakers, Watch, T-shirt",804.14,07/20/2022 05:06:58
924,rachelgray7890@yahoo.com,T-shirt,239.14,07/14/2022 03:49:21
925,nickjones2468@outlook.com,"Watch, Jeans, T-shirt, Sneakers, Jacket",1096.87,05/06/2022 20:07:56
926,katewilliams7890@outlook.com,"Watch, Jeans, Jacket, Sneakers",1249.0900000000001,08/21/2022 00:37:40
927,bob@example.com,"Watch, Jacket, Sneakers, T-shirt, Jeans",1531.48,02/06/2022 05:07:25
928,laurawilson7890@example.com,"T-shirt, Sneakers, Jacket, Watch",1269.27,01/10/2023 20:40:19
929,andrewbrown2468@outlook.com,Sneakers,200.32,12/12/2022 18:11:16
930,john@example.com,"Jeans, Watch, T-shirt, Jacket, Sneakers",1280.3,08/03/2022 08:11:11
931,amybrown7890@outlook.com,"Watch, T-shirt, Jacket, Jeans",10000,08/25/2022 04:40:17
932,emilydavis7890@example.com,"Jeans, Jacket",405.21000000000004,09/10/2022 16:36:10
933,laurawilson7890@example.com,"T-shirt, Jacket, Sneakers, Watch, Jeans",1063.39,06/27/2022 08:17:42
934,andrewbrown2468@outlook.com,"Jacket, Sneakers, Jeans",1093.13,06/30/2022 20:15:20
935,laurensmith1357@gmail.com,"Jacket, T-shirt",268.5,11/25/2022 02:00:58
936,stephaniebrown5678@gmail.com,Jacket,84.06,11/08/2022 20:03:58
937,patricktaylor1357@yahoo.com,"Jacket, Watch, T-shirt",794.99,11/11/2022 17:37:59
938,amybrown7890@outlook.com,"Watch, Sneakers, Jeans, T-shirt, Jacket",1792.3999999999999,02/16/2023 18:37:48
939,patricktaylor1357@yahoo.com,"Jeans, Watch",459.25,04/19/2022 22:07:34
940,matthewjackson5678@hotmail.com,"T-shirt, Jacket, Sneakers, Watch, Jeans",1441.01,11/25/2022 15:41:12
941,katewilliams7890@outlook.com,"Watch, Jeans, Jacket, T-shirt",619.5600000000001,03/16/2022 06:07:24
942,katewilliams7890@outlook.com,"T-shirt, Watch, Jacket, Jeans",1847.93,04/16/2022 18:23:26
943,,"Watch, Jeans, Jacket",1138.65,11/12/2022 16:53:07
944,andrewbrown2468@outlook.com,"Sneakers, Jacket, T-shirt, Watch",784.3000000000001,05/29/2022 03:01:41
945,matthewjackson5678@hotmail.com,Sneakers,387.06,05/18/2022 00:45:51
946,katewilliams7890@outlook.com,"Watch, Sneakers, Jeans, T-shirt",1037.76,01/10/2022 05:28:35
947,laurawilson7890@example.com,Jacket,56.65,11/07/2022 12:57:07
948,chrisgreen2468@outlook.com,"Jeans, T-shirt, Watch, Jacket",1175.79,02/06/2023 05:26:19
949,jessicasmith5678@gmail.com,"T-shirt, Watch, Sneakers, Jeans, Jacket",1353.48,01/09/2022 13:28:20
950,laurawilson7890@example.com,"Sneakers, Jacket, T-shirt",417.59000000000003,10/27/2022 02:00:31
951,bob@example.com,"Watch, Jacket, Sneakers",852.8299999999999,06/10/2022 05:43:57
952,jessicasmith5678@gmail.com,"Jeans, Sneakers, T-shirt",1013.17,09/22/2022 16:16:47
953,nickjones2468@outlook.com,Sneakers,442.25,03/31/2022 14:00:01
954,ericmorris1234@example.com,T-shirt,478.03,08/20/2022 03:23:41
955,rachelgray7890@yahoo.com,Watch,276.09,02/14/2023 19:58:07
956,stephaniebrown5678@gmail.com,"Jacket, Jeans, T-shirt, Sneakers",986.54,05/12/2022 20:52:35
957,jane@example.com,"T-shirt, Sneakers",314.06,03/18/2022 00:45:02
958,davidlee2468@yahoo.com,"Sneakers, Jeans, Jacket",775.48,09/28/2022 01:44:54
959,andrewbrown2468@outlook.com,"Watch, Jeans, Jacket, Sneakers",1030.8,10/19/2022 12:00:08
960,stephaniebrown5678@gmail.com,Jacket,29.56,04/26/2022 12:13:11
961,johndoe1234@example.com,"T-shirt, Sneakers, Watch, Jacket",961.2,03/12/2022 07:36:29
962,jessicasmith5678@gmail.com,Jacket,160.28,02/25/2023 05:31:17
963,adamjohnson2468@yahoo.com,T-shirt,387.1,02/05/2022 20:23:24
964,davidlee2468@yahoo.com,Jacket,69.56,04/02/2022 00:49:27
965,chrisgreen2468@outlook.com,"Sneakers, Jacket, Jeans, Watch, T-shirt",1160.37,03/13/2022 13:45:04
966,chrisgreen2468@outlook.com,"T-shirt, Sneakers, Watch, Jacket",1000.33,02/21/2022 01:40:26
967,nickjones2468@outlook.com,"Jacket, Sneakers, Watch, Jeans",877.65,02/12/2022 09:22:29
968,katewilliams7890@outlook.com,"Jeans, Sneakers, T-shirt, Jacket, Watch",1441.42,12/20/2022 23:45:51
969,johndoe1234@example.com,"Jeans, Sneakers",764.28,01/24/2023 16:36:34
970,stephaniebrown5678@gmail.com,"Jacket, Watch, Jeans",612.3,11/07/2022 01:00:16
971,sarahjones5678@gmail.com,"Jeans, Jacket, Watch",1089.52,01/16/2023 03:13:31
972,sarahjones5678@gmail.com,"Watch, Jacket, T-shirt, Jeans, Sneakers",1549.5200000000002,04/29/2022 14:06:07
973,brianwilson4321@hotmail.com,"Sneakers, Jacket, Watch, T-shirt, Jeans",1327.33,02/28/2022 14:21:44
974,sarahjones5678@gmail.com,"Jacket, T-shirt, Sneakers",461.21,03/13/2022 13:21:32
975,laurawilson7890@example.com,"Jacket, T-shirt, Watch, Sneakers, Jeans",820.76,02/02/2022 02:37:02
976,chrisgreen2468@outlook.com,"Sneakers, Jacket, T-shirt",917.74,06/29/2022 10:14:41
977,brianwilson4321@hotmail.com,T-shirt,114.2,05/04/2022 03:05:10
978,katewilliams7890@outlook.com,"Sneakers, Jacket, Watch",609.1,05/28/2022 11:33:41
979,laurensmith1357@gmail.com,Jacket,288.09,10/05/2022 14:04:06
980,ericmorris1234@example.com,"T-shirt, Sneakers",390.43,07/29/2022 05:20:58
981,adamjohnson2468@yahoo.com,"Jacket, Watch, T-shirt",527.01,09/25/2022 00:07:29
982,bob@example.com,"T-shirt, Jacket, Watch",411.21999999999997,10/13/2022 01:16:01
983,jenniferwhite1234@gmail.com,"Watch, Jacket",604.81,09/28/2022 12:40:18
984,nickjones2468@outlook.com,"Sneakers, Jacket, Watch, T-shirt, Jeans",1040.49,03/08/2023 07:12:26
985,ericmorris1234@example.com,"Jeans, T-shirt, Jacket, Watch",1124.18,11/11/2022 17:55:07
986,chrisgreen2468@outlook.com,"T-shirt, Watch, Jacket",497.38,11/26/2022 15:26:00
987,patricktaylor1357@yahoo.com,Watch,313.83,05/01/2022 21:57:05
988,jenniferwhite1234@gmail.com,"Jacket, Sneakers, Watch, Jeans, T-shirt",1749.2399999999998,05/04/2022 17:53:23
989,jessicasmith5678@gmail.com,"Watch, Sneakers",387.41999999999996,01/19/2022 13:38:57
990,katewilliams7890@outlook.com,Jeans,100.73,06/30/2022 07:07:00
991,chrisgreen2468@outlook.com,"Watch, T-shirt, Jeans",805.4200000000001,07/20/2022 07:36:59
992,laurawilson7890@example.com,"Jeans, Watch, T-shirt, Jacket",1236.42,01/15/2023 09:43:15
993,nickjones2468@outlook.com,"Jacket, Jeans",619.92,05/18/2022 01:38:40
994,bob@example.com,T-shirt,239.32,04/19/2022 10:02:09
995,emilydavis7890@example.com,,591.23,07/24/2022 21:19:52
996,patricktaylor1357@yahoo.com,"Jeans, T-shirt",443.21000000000004,03/03/2023 15:16:43
997,rachelgray7890@yahoo.com,Sneakers,439.27,05/03/2022 14:30:15
998,stephaniebrown5678@gmail.com,"Sneakers, Watch, Jacket",646.57,12/21/2022 04:36:02
999,matthewjackson5678@hotmail.com,Jeans,113.86,11/05/2022 17:17:15
1000,patricktaylor1357@yahoo.com,,1582.41,11/06/2022 23:42:04
